"id","name","gender","school_level","shift","student_drop_count"
1104001,"Yamuna Vihar, Block B, No.1-SBV","Boys","Sarvodaya Sr.Secondary","Evening",520
1104261,"Tukhmirpur-GBSSS","Boys","Sr.Secondary","Evening",483
1104002,"Khajoori Khas-SBV","Boys","Sarvodaya Sr.Secondary","Evening",482
1925002,"Noor Nagar- SBV","Boys","Sarvodaya Sr.Secondary","Evening",480
1104009,"Yamuna Vihar, Block C, No.1-SBV","Boys","Sarvodaya Sr.Secondary","Evening",435
1002013,"Dallupura-SBV","Boys","Sarvodaya Sr.Secondary","Evening",419
1925342,"HARKESH NAGAR GBSSS","Boys","Sr.Secondary","Evening",413
1925052,"Joga Bai-GBSSS","Boys","Sr.Secondary","Evening",404
1106012,"Dilshad Garden, Block J&K-SBV","Boys","Sarvodaya Sr.Secondary","Evening",394
1104336,"Sonia Vihar-GBSSS","Boys","Sr.Secondary","Evening",383
1309259,"Jahangirpuri, Block K-GBSSS","Boys","Sr.Secondary","Evening",376
1925049,"Joga Bai-SKV","Girls","Sarvodaya Sr.Secondary","Morning",372
1310415,"Bawana J. J. Colony No.2 GBSSS","Boys","Sr.Secondary","Evening",357
1002187,"New Ashok Nagar-GBSSS","Boys","Sr.Secondary","Evening",353
1106009,"Sarvodaya Bal Vidyalaya, Seemapuri","Boys","Sarvodaya Sr.Secondary","Evening",352
1618009,"Kakrola-SV","Co-ed","Sarvodaya Sr.Secondary","General",349
1207236,"Mukund Pur Village - GBSSS","Boys","Sr.Secondary","Evening",344
1925399,"Molar Band, No.3- GBSSS","Boys","Sr.Secondary","Evening",341
1821005,"Samalka, No.1- GBSSS","Boys","Sr.Secondary","Evening",340
1412092,"Nithari Village- SBV","Boys","Sarvodaya Sr.Secondary","Evening",337
1617029,"Sarvodaya Co-ed Vidyalaya","Co-ed","Sarvodaya Sr.Secondary","General",336
1104420,"Tukhmirpur, No.2- GBSSS","Boys","Sr.Secondary","Evening",333
1925041,"Kalkaji, DDA Flats, Phase II-G(Co-ed)SSS","Co-ed","Sr.Secondary","General",331
1207230,"Mukund Pur Village - GGSSS","Girls","Sr.Secondary","Morning",320
1310395,"Shahabad Dairy-GBSSS","Boys","Sr.Secondary","Evening",313
1821244,"Samalka, No.2- GBSSS","Boys","Sr.Secondary","Evening",313
1309260,"Jahangirpuri, Block K-GGSSS","Girls","Sr.Secondary","Morning",312
1617037,"Nangloi, J.J. Colony-GBSSS","Boys","Sr.Secondary","Evening",309
1310168,"Bankner-SBV","Boys","Sarvodaya Sr.Secondary","General",308
1617001,"Tikri Kalan- GBSSS","Boys","Sr.Secondary","General",307
1925360,"Badarpur, Tajpur Pahari - GBSSS","Boys","Sr.Secondary","Evening",305
1104418,"Badarpur Khadar -SKV-1104418","Girls","Sarvodaya Sr.Secondary","Morning",302
1925353,"Jasola Village, GBSSS","Boys","Sr.Secondary","Evening",301
1720029,"Mahipal Pur-GBSSS","Boys","Sr.Secondary","Evening",296
1821032,"Bijwasan( Bharthal)SBV","Boys","Sarvodaya Sr.Secondary","General",296
1104024,"Yamuna Vihar, Block C, No.2-SKV","Girls","Sarvodaya Sr.Secondary","Morning",293
1925058,"Tughlakabad, Railway Colony, No.2-GBSSS","Boys","Sr.Secondary","Evening",290
1618001,"Matiala-SBV","Boys","Sarvodaya Sr.Secondary","Evening",290
1617014,"Mundka Village-SKV","Girls","Sarvodaya Sr.Secondary","Morning",290
1104008,"Yamuna Vihar, Block C, No.2-GBSSS","Boys","Sr.Secondary","Evening",288
1002027,"Dallupura-SKV","Girls","Sarvodaya Sr.Secondary","Morning",287
1207009,"Burari-SBV","Boys","Sarvodaya Sr.Secondary","Evening",284
1104021,"Gokalpur Village-SKV","Girls","Sarvodaya Sr.Secondary","Morning",283
1413268,"Begampur, GGSSS","Girls","Sr.Secondary","Morning",281
1104417,"SABHAPUR-GOVT. BOYS S.SEC. SCHOOL","Boys","Sr.Secondary","Evening",277
1617018,"Mundka Village-GBSSS","Boys","Sr.Secondary","Evening",277
1104003,"Yamuna Vihar, Block B, No.2-SBV","Boys","Sarvodaya Sr.Secondary","Evening",277
1104143,"Karawal Nagar-GBSSS","Boys","Sr.Secondary","Evening",275
1105008,"Jafrabad- SBV","Boys","Sarvodaya Sr.Secondary","Evening",274
1923059,"Fatehpur Beri-SKV (Priya Darshani)","Girls","Sarvodaya Sr.Secondary","General",273
1105021,"Shastri Park-SKV","Girls","Sarvodaya Sr.Secondary","Morning",272
1106279,"Sunder Nagari- GBSSS","Boys","Sr.Secondary","Evening",270
1924215,"Deoli Pahari, GBSSS","Boys","Sr.Secondary","Evening",269
1411001,"Anandwas-SBV","Boys","Sarvodaya Sr.Secondary","General",267
1309262,"Libaspur-GBSSS","Boys","Sr.Secondary","Evening",267
1925046,"Tuglakabad, Railway Colony, No.2-GGSSS","Girls","Sr.Secondary","Morning",263
1923027,"Sangam Vihar-GBSSS","Boys","Sr.Secondary","Evening",259
1618072,"Mohan Garden-GBSSS No.1","Boys","Sr.Secondary","Evening",259
1002026,"Kondli-SKV (Jeeja Bai)","Girls","Sarvodaya Sr.Secondary","Morning",258
1413027,"Sarvodaya Co-ed Vidyalaya Sec. 8 Rohini","Co-ed","Sarvodaya Sr.Secondary","General",257
1002181,"Mandawali-SBV, No. 3","Boys","Sarvodaya Sr.Secondary","Evening",257
1617015,"Amalwas, Jawalapuri-GBSSS","Boys","Sr.Secondary","General",255
1924044,"Jungpura-S(Co-ed)V","Co-ed","Sarvodaya Sr.Secondary","General",254
1923018,"Deoli-GBSSS","Boys","Sr.Secondary","Evening",252
1310009,"Badli-GBSSS","Boys","Sr.Secondary","General",251
1618058,"Hastsal-GBSSS","Boys","Sr.Secondary","Evening",251
1925050,"Molar Band-GBSSS","Boys","Sr.Secondary","Evening",251
1411034,"Wazirpur, J.J. Colony-SKV","Girls","Sarvodaya Sr.Secondary","Morning",250
1413078,"Karala-SKV","Girls","Sarvodaya Sr.Secondary","Morning",250
1923346,"Sangam Vihar, J-Block- SKV","Girls","Sarvodaya Secondary","Morning",249
1925356,"Tekhand - GBSSS","Boys","Sr.Secondary","Evening",249
1618264,"Mohan Garden-GGSSS","Girls","Sr.Secondary","Morning",249
1925339,"Madanpur Khadar Extn. J.J.Colony  GBSSS","Boys","Sr.Secondary","Evening",247
1923354,"GBSSS, AYA NAGAR","Boys","Sr.Secondary","General",247
1923357,"Sangam Vihar,J-Block - SBV","Boys","Sarvodaya Secondary","Evening",247
1310042,"Bawana-SKV (Ravi Shankar)","Girls","Sarvodaya Sr.Secondary","General",246
1514110,"Chand Nagar-SBV","Boys","Sarvodaya Sr.Secondary","General",246
1002183,"New Ashok Nagar-SKV","Girls","Sarvodaya Sr.Secondary","Morning",244
1106120,"Saboli- GBSSS","Boys","Sr.Secondary","Evening",244
1720032,"Mahipal Pur- Shaheed Major Ashok Sehrawat SKV","Girls","Sarvodaya Sr.Secondary","Morning",243
1104022,"Khajoori Khas-SKV","Girls","Sarvodaya Sr.Secondary","Morning",242
1310414,"Bawana J. J. Colony No.1 GGSSS","Girls","Sr.Secondary","General",241
1002186,"New Kondli-GGSSS","Girls","Sr.Secondary","Morning",241
1106114,"Shahdara, Mansarover Park, No.2-SKV","Girls","Sarvodaya Sr.Secondary","General",240
1413004,"Rohini, Sector 6-SV","Co-ed","Sarvodaya Sr.Secondary","General",240
1310420,"Siraspur-GBSSS","Boys","Sr.Secondary","Evening",240
1925345,"Jasola Village, GGSSS","Girls","Sr.Secondary","Morning",240
1617019,"Ambika Vihar-GBSSS","Boys","Sr.Secondary","Evening",238
1106005,"Mandoli-GBSSS","Boys","Sr.Secondary","Evening",237
1925033,"New Friends Colony-SKV","Girls","Sarvodaya Sr.Secondary","Morning",237
1104262,"Tukhmirpur-GGSSS","Girls","Sr.Secondary","Morning",235
1207012,"Timar Pur-SBV","Boys","Sarvodaya Sr.Secondary","General",235
1104005,"Gokalpuri-GBSSS","Boys","Sr.Secondary","Evening",233
1412093,"Nithari-SKV","Girls","Sarvodaya Sr.Secondary","Morning",233
1515003,"Subhash Nagar-SBV","Boys","Sarvodaya Sr.Secondary","General",233
1310008,"Pooth Khurd-GBSSS","Boys","Sr.Secondary","Evening",232
1923014,"Fatehpur Beri- SBV","Boys","Sarvodaya Sr.Secondary","General",232
1821234,"Dwarka Sector-I Pkt-7 SBV","Boys","Sarvodaya Sr.Secondary","Evening",232
1923056,"Saket, Block J-SBV (Vir Chander Singh Garhwali)","Boys","Sarvodaya Sr.Secondary","General",232
1105003,"Brahmpuri-SBV","Boys","Sarvodaya Sr.Secondary","Evening",231
1412248,"Pooth Kalan, Rohini Extn., Sector 20- SBV","Boys","Sarvodaya Sr.Secondary","Evening",230
1821031,"Dwarka, Sector-VI, G(Co-ed)SSS","Co-ed","Sr.Secondary","General",230
1821280,"Samalka- GGSSS","Girls","Sr.Secondary","Morning",229
1413077,"Begumpur-GBSSS","Boys","Sr.Secondary","Evening",229
1720173,"VASANT KUNJ- GBSSS","Boys","Sr.Secondary","Evening",228
1923042,"Deoli-SKV (Bachhan Prasad)","Girls","Sarvodaya Sr.Secondary","Morning",226
1925057,"Molar Band, No.2-GBSSS","Boys","Sr.Secondary","Evening",226
1925017,"Tuglakabad, Railway Colony- SBV","Boys","Sarvodaya Sr.Secondary","Evening",224
1516143,"West Patel Nagar-SBV","Boys","Sarvodaya Sr.Secondary","General",222
1106001,"Nand Nagri, Block B-SBV (B.P)","Boys","Sarvodaya Sr.Secondary","Evening",221
1925447,"Madanpur Khadar Extn. , Phase-III- SBV","Boys","Sarvodaya Sr.Secondary","Evening",221
1002363,"Gazipur-GBSSS","Boys","Sr.Secondary","Evening",221
1310017,"Narela, SBV","Boys","Sarvodaya Sr.Secondary","General",221
1515025,"Tagore Garden, No.2-SKV","Girls","Sarvodaya Sr.Secondary","General",220
1925402,"Molar Band, No.2- SBV","Boys","Sarvodaya Sr.Secondary","Evening",219
1412007,"Pooth Kalan-SBV","Boys","Sarvodaya Sr.Secondary","Evening",219
1923031,"Neb Sarai-G(Co-ed)SS","Co-ed","Secondary","General",218
1618008,"Uttam Nagar-SBV","Boys","Sarvodaya Sr.Secondary","Evening",217
1923026,"Bhatti Mines-G(Co-ed)SSS","Co-ed","Sr.Secondary","Evening",214
1104014,"Mustufabad-GBSS","Boys","Secondary","Evening",207
1106118,"East of Loni Road, DDA Flats-GBSSS","Boys","Sr.Secondary","Evening",207
1617258,"Baprola- GBSSS","Boys","Sr.Secondary","General",206
1412254,"Mubarkpur Dabas,  No.2-GBSSS","Boys","Sr.Secondary","Evening",206
1310019,"Bawana-GBSSS","Boys","Sr.Secondary","General",203
1413345,"SOSE, Sector- 23, Rohini","Co-ed","SOSE(Sr.Secondary)","General",203
1106002,"Dilshad Garden, Block C-GBSSS","Boys","Sr.Secondary","Evening",202
1106263,"Old Seemapuri, Block GH-GBSS","Boys","Secondary","Evening",200
1104335,"Sonia Vihar-GGSSS","Girls","Sr.Secondary","Morning",200
1309253,"Jahangirpuri, Block A- SBV","Boys","Sarvodaya Sr.Secondary","Evening",199
1618065,"Janakpuri, Block A-GBSSS","Boys","Sr.Secondary","Evening",199
1924043,"Hari Nagar Ashram-S(Co-ed) V","Co-ed","Sarvodaya Sr.Secondary","General",199
1617035,"Nangloi, J.J. Colony-GGSSS","Girls","Sr.Secondary","Morning",198
1001002,"Vivek Vihar-SBV","Boys","Sarvodaya Sr.Secondary","Evening",198
1106011,"New Seemapuri-GBSSS","Boys","Sr.Secondary","Evening",197
1002016,"Mayur Vihar, Phase I, Pkt.IV-SBV(Shaheed Capt.Hanifuddin)","Boys","Sarvodaya Sr.Secondary","Evening",197
1001208,"Anand Vihar - SBV","Boys","Sarvodaya Sr.Secondary","Evening",196
1617227,"Ranhaula- SBV","Boys","Sarvodaya Sr.Secondary","General",195
1106265,"Mandoli Extension-GBSSS","Boys","Sr.Secondary","Evening",195
1514022,"Hari Nagar, Block-L  S(Co-ed)V","Co-ed","Sarvodaya Sr.Secondary","General",195
1310014,"Alipur-GBSSS","Boys","Sr.Secondary","General",193
1925003,"Chirag Enclave-S(Co-ed)V (Kautilya)","Co-ed","Sarvodaya Sr.Secondary","General",192
1106122,"Old Seemapuri, Block GH-GGSS","Girls","Secondary","Morning",192
1516013,"Prem Nagar-GBSSS","Boys","Sr.Secondary","Evening",191
1105109,"West Jyoti Nagar-GBSSS","Boys","Sr.Secondary","Evening",191
1822257,"Goela Khurd-GBSSS","Boys","Sr.Secondary","General",191
1105018,"Jafrabad, Zeenat Mahal(Urdu Medium)-SKV","Girls","Sarvodaya Sr.Secondary","Morning",191
1821029,"Dwarka, Sector II-G(Co-ed)SSS","Co-ed","Sr.Secondary","General",191
1617012,"Tikri Kalan-SKV","Girls","Sarvodaya Sr.Secondary","General",190
1104020,"Gokalpuri-SKV","Girls","Sarvodaya Sr.Secondary","Morning",189
1412008,"Sultanpuri, Block H- SBV","Boys","Sarvodaya Sr.Secondary","Evening",189
1106021,"Seemapuri-SKV (Vishwamitra)","Girls","Sarvodaya Sr.Secondary","Morning",187
1105002,"Gautam Puri-SBV","Boys","Sarvodaya Sr.Secondary","Evening",187
1001004,"Kanti Nagar-SBV","Boys","Sarvodaya Sr.Secondary","Evening",187
1617017,"Nangloi, Sultanpuri Road-GBSSS","Boys","Sr.Secondary","General",185
1412029,"Sultanpuri, Block H-SKV","Girls","Sarvodaya Sr.Secondary","Morning",185
1617223,"Nihal Vihar, Nangloi- Govt. Sarvodaya Co-ed Vidyalaya","Co-ed","Sarvodaya Sr.Secondary","General",185
1309279,"Jahangirpuri,Plot No.5, A-Block - SKV","Girls","Sarvodaya Sr.Secondary","General",185
1104010,"Dayalpur-GBSSS","Boys","Sr.Secondary","Evening",184
1207116,"Burari-GBSSS-1207116","Boys","Sr.Secondary","Evening",184
1413070,"Rohini, Sector 16, Pocket A-SKV","Girls","Sarvodaya Sr.Secondary","Morning",183
1002014,"New Kondli-GBSSS","Boys","Sr.Secondary","Evening",183
1925031,"Tuglakabad, Railway Colony-SKV (Rani Jhansi)","Girls","Sarvodaya Sr.Secondary","Morning",182
1104011,"Sabhapur-GGSSS","Girls","Sr.Secondary","Morning",181
1310031,"Alipur-SKV","Girls","Sarvodaya Sr.Secondary","General",181
1207111,"Nathupura-GGSSS","Girls","Sr.Secondary","Morning",181
1002198,"Kondli-SBV","Boys","Sarvodaya Sr.Secondary","Evening",181
1925005,"New Friends Colony-GBSSS (Chander Shekhar Azad)","Boys","Sr.Secondary","Evening",178
1516140,"West Patel Nagar-GBSSS","Boys","Sr.Secondary","General",178
1309263,"Libaspur-GGSSS","Girls","Sr.Secondary","Morning",178
1515007,"Madipur, No.1-SBV","Boys","Sarvodaya Sr.Secondary","Evening",178
1925341,"HARKESH NAGAR GGSSS","Girls","Sr.Secondary","Morning",178
1618277,"Mohan Garden-GBSSS No.2","Boys","Sr.Secondary","Evening",177
1413002,"Rohini, Sector 3-SV","Co-ed","Sarvodaya Sr.Secondary","General",177
1106006,"Shahdara, Mansarovar Park, No.1-GBSSS","Boys","Sr.Secondary","General",177
1821022,"Samalka-SKV","Girls","Sarvodaya Sr.Secondary","Morning",177
1514003,"Khyala, J.J. Colony, No.1-GBSSS","Boys","Sr.Secondary","Evening",177
1002177,"Trilokpuri, Block 27-SBV","Boys","Sarvodaya Sr.Secondary","Evening",177
1617219,"Nilothi-SBV","Boys","Sarvodaya Sr.Secondary","Evening",176
1104006,"Ghonda, No.1-GBSSS","Boys","Sr.Secondary","Evening",175
1515006,"Rajouri Garden Extn.-GBSSS","Boys","Sr.Secondary","General",174
1002003,"Kalyanvas-SBV (Raj Bihari Bose)","Boys","Sarvodaya Sr.Secondary","Evening",174
1104406,"Loni Road,East Gokul Pur,Govt. Boys Sr.Sec.School","Boys","Sr.Secondary","Evening",174
1106264,"Sunder Nagri- GGSSS","Girls","Sr.Secondary","Morning",173
1310430,"Narela,Sect. A-6, Pkt-2 -SBV","Boys","Sarvodaya Sr.Secondary","General",172
1413013,"Rithala-GBSSS","Boys","Sr.Secondary","Evening",171
1618002,"Vikas Puri,Block A-SBV","Boys","Sarvodaya Sr.Secondary","General",171
1106014,"Nand Nagri Extn., F-1,F-2, GBSSS","Boys","Sr.Secondary","Evening",171
1104419,"Tukhmirpur, No.2 - GGSSS","Girls","Sr.Secondary","Morning",170
1413074,"Rohini, Sector 7-SV","Co-ed","Sarvodaya Sr.Secondary","General",169
1002020,"Kalyanpuri -GBSSS","Boys","Sr.Secondary","Evening",169
1618059,"Bindapur-GBSSS","Boys","Sr.Secondary","Evening",169
1925015,"Badarpur, No.1-GBSSS","Boys","Sr.Secondary","Evening",169
1925250,"Tughlakabad Extn.-GGSSS No.2","Girls","Sr.Secondary","Morning",167
1923041,"Hauz Rani-Sr.Sec.SKV (Raja RamMohan Roy)","Girls","Sarvodaya Sr.Secondary","Morning",167
1618020,"Kakrola-GGSSS","Girls","Sr.Secondary","General",167
1617024,"Nangloi, Phase II-GBSSS","Boys","Sr.Secondary","Evening",167
1821242,"Dawarka,Sec-16A, G(Co-ed)SSS","Co-ed","Sr.Secondary","General",166
1310043,"Pooth Khurd-SKV (Raja RamMohan Roy)","Girls","Sarvodaya Sr.Secondary","Morning",166
1106025,"Dilshad Garden, Block C-SKV","Girls","Sarvodaya Sr.Secondary","Morning",166
1516003,"Mansarovar Garden-SV","Co-ed","Sarvodaya Sr.Secondary","General",165
1002010,"Trilokpuri, Block 20-SBV","Boys","Sarvodaya Sr.Secondary","Evening",165
1104028,"Mustufabad-GGSS","Girls","Secondary","Morning",165
1821237,"Dwarka, Sector III(II Site)-G(Co-ed)SSS","Co-ed","Sr.Secondary","General",164
1207036,"Burari-SKV","Girls","Sarvodaya Sr.Secondary","Morning",164
1104490,"Sarvodaya Bal Vidhyalaya","Boys","Sarvodaya Sr.Secondary","Evening",164
1413079,"Karala-GBSSS","Boys","Sr.Secondary","Evening",163
1412132,"Nithari-GBSSS","Boys","Sr.Secondary","Evening",163
1925014,"Tuglakabad Village- SBV","Boys","Sarvodaya Sr.Secondary","Evening",163
1618314,"Bindapur, No.2- GBSSS","Boys","Sr.Secondary","Evening",162
1720015,"Inderpuri, Budh Nagar, F- Block- S(Co-ed)V","Co-ed","Sarvodaya Sr.Secondary","General",161
1105001,"Shahadara, G.T. Road-SBV (Gandhi Memorial)","Boys","Sarvodaya Sr.Secondary","Evening",160
1925400,"Molar Band, No.4- GGSSS","Girls","Sr.Secondary","Morning",160
1514006,"Tilak Nagar, No.2-SBV","Boys","Sarvodaya Sr.Secondary","General",159
1310431,"Shahbad Daulatpur- GBSSS","Boys","Sr.Secondary","Evening",159
1923081,"Chattarpur, Acharya Tulsi  SBV","Boys","Sarvodaya Sr.Secondary","General",159
1309280,"Bhalswa Village, Sarvodaya Vidyalaya","Co-ed","Sarvodaya Sr.Secondary","General",159
1413030,"Rohini, Avantika, Sector 1-SKV","Girls","Sarvodaya Sr.Secondary","Morning",158
1002005,"West Vinod Nagar-SBV","Boys","Sarvodaya Sr.Secondary","Evening",158
1310460,"Bawana, J.J Colony- GGSS","Girls","Secondary","Morning",157
1514011,"Chand Nagar, No.1-SKV","Girls","Sarvodaya Sr.Secondary","Morning",156
1514016,"Tilak Nagar, No.3-SKV","Girls","Sarvodaya Sr.Secondary","General",156
1002184,"Gazipur-SKV","Girls","Sarvodaya Sr.Secondary","Morning",156
1104027,"Yamuna Vihar, Block B, No.2-GGSSS","Girls","Sr.Secondary","Morning",156
1925340,"Madanpur Khadar Extn. J.J.Colony  GGSSS","Girls","Sr.Secondary","Morning",156
1617007,"New Multan Nagar-SV(Co-ed)","Co-ed","Sarvodaya Sr.Secondary","General",156
1618281,"Hastsal, Janta Flats- SBV","Boys","Sarvodaya Sr.Secondary","Evening",156
1104004,"Gokalpur Village-GBSSS","Boys","Sr.Secondary","Evening",155
1924032,"East of Kailash, No.1-GGSSS","Girls","Sr.Secondary","General",155
1925020,"Tuglakabad Extn., No.2-GBSSS","Boys","Sr.Secondary","Evening",155
1105017,"Jafrabad Extn.-GBSSS","Boys","Sr.Secondary","General",155
1617137,"Paschim Vihar, B 3-G(Co-ed)SSS","Co-ed","Sr.Secondary","General",154
1516002,"Ramesh Nagar-SBV","Boys","Sarvodaya Sr.Secondary","General",154
1207110,"Nathupura-GBSSS","Boys","Sr.Secondary","Evening",154
1617002,"Nangloi-SBV","Boys","Sarvodaya Sr.Secondary","Evening",153
1001009,"Anand Vihar-SKV","Girls","Sarvodaya Sr.Secondary","Morning",153
1412084,"Pooth Kalan, Rohini Extn., Sector 20- SKV","Girls","Sarvodaya Sr.Secondary","Morning",153
1412253,"Mubarakpur Dabas, No-2,GGSSS-1412253","Girls","Sr.Secondary","Morning",153
1617025,"Nangloi, Phase I-GBSSS","Boys","Sr.Secondary","Evening",153
1924037,"Jungpura-SKV (Kamla Nehru)","Girls","Sarvodaya Sr.Secondary","Morning",152
1618270,"BindaPur,Pocket-IV-G(Co-ed)SS","Co-ed","Secondary","General",152
1617036,"Amalwas, Jawalapuri-SKV","Girls","Sarvodaya Sr.Secondary","General",152
1002022,"Kalyanpuri-SKV (Mother Teresa)","Girls","Sarvodaya Sr.Secondary","Morning",151
1618003,"Janakpuri, Possangipur B1-SV(Co-ed)","Co-ed","Sarvodaya Sr.Secondary","General",151
1618061,"HASTSAL-SKV","Girls","Sarvodaya Sr.Secondary","Morning",151
1618063,"Mohan Garden-SKV","Girls","Sarvodaya Sr.Secondary","Morning",151
1514013,"Khyala, No.2-SKV","Girls","Sarvodaya Sr.Secondary","Morning",151
1001105,"Jhilmil Colony-SBV","Boys","Sarvodaya Sr.Secondary","Evening",150
1821024,"Palam Enclave, No.3-G(Co-ed)SSS","Co-ed","Sr.Secondary","General",150
1207032,"Lancer Road Near Maal Road","Co-ed","Sarvodaya Sr.Secondary","Morning",149
1412259,"Nithari Village- GBSSS","Boys","Sr.Secondary","Evening",149
1617222,"Govt. Sarvodaya Kanya Vidyalaya, Shiv Ram Park, Nangloi","Girls","Sarvodaya Sr.Secondary","Morning",149
1821028,"Vijay Enclave-SBV","Boys","Sarvodaya Sr.Secondary","Evening",148
1821003,"Palam Village, Raj Nagar Extn., Part 2-GBSSS","Boys","Sr.Secondary","Evening",148
1925038,"Kalkaji, No.2-S(Co-ed)V","Co-ed","Sarvodaya Sr.Secondary","General",147
1925009,"Molar Band, No.1- SBV","Boys","Sarvodaya Sr.Secondary","Evening",147
1412002,"Mangolpuri, Block K-SBV","Boys","Sarvodaya Sr.Secondary","General",147
1105009,"New Seelampur, No.2-GBSSS","Boys","Sr.Secondary","Evening",146
1002189,"Patparganj, I.P. Extn- Sarvodaya (Co-ed) SSS","Co-ed","Sarvodaya Sr.Secondary","General",146
1106018,"New Seemapuri-SKV","Girls","Sarvodaya Sr.Secondary","Morning",146
1821001,"Palam Enclave, No.2-SBV","Boys","Sarvodaya Sr.Secondary","Evening",146
1821025,"Vijay Enclave-SKV","Girls","Sarvodaya Sr.Secondary","Morning",146
1106019,"Mandoli-SKV","Girls","Sarvodaya Sr.Secondary","Morning",145
1617214,"Sarvodaya (Co-ed) Vidyalaya, Kunwar Singh Nagar, New Delhi","Co-ed","Sarvodaya Sr.Secondary","General",145
1105024,"Shahadara, G.T.Road-SKV","Girls","Sarvodaya Sr.Secondary","Morning",145
1309001,"C.C. Colony-SBV","Boys","Sarvodaya Sr.Secondary","General",144
1618070,"Matiala-SKV","Girls","Sarvodaya Sr.Secondary","Morning",144
1001024,"Kanti Nagar-GGSSS","Girls","Sr.Secondary","Morning",143
1923052,"Sangam Vihar-GGSSS","Girls","Sr.Secondary","Morning",142
1618191,"Bindapur-G(co-ed)SSS","Co-ed","Sr.Secondary","Morning",142
1411008,"Pitampura, Block FU-SV","Co-ed","Sarvodaya Sr.Secondary","General",141
1105011,"Govt. Sarvodaya Bal Vidyalaya, Shastri Park- 1105011","Boys","Sr.Secondary","Evening",141
1925039,"Kalkaji, No.3-G(Co-ed)SSS","Co-ed","Sr.Secondary","General",141
1923048,"Chattarpur-GGSSS","Girls","Sr.Secondary","General",141
1821004,"Palam Village, No.1- SBV","Boys","Sarvodaya Sr.Secondary","Evening",141
1106259,"Mandoli Extension-GGSSS","Girls","Sr.Secondary","Morning",141
1309267,"Bakhtawarpur-SKV (BMS)","Girls","Sarvodaya Sr.Secondary","General",141
1925247,"Badarpur, No.3-GBSSS","Boys","Sr.Secondary","Evening",141
1617003,"Paschim Vihar, A 2-SV(Co-ed)","Co-ed","Sarvodaya Sr.Secondary","General",140
1207004,"Nehru Vihar-SKV","Girls","Sarvodaya Sr.Secondary","General",140
1925431,"Madanpur Khadar Extn., Phase-III- SKV","Girls","Sarvodaya Sr.Secondary","Morning",139
1821035,"Bijwasan, Bharthal Road, GGSSS","Girls","Sr.Secondary","General",139
1925035,"Noor Nagar-SKV","Girls","Sarvodaya Sr.Secondary","Morning",138
1821281,"Dwarka, Sector-13- Govt. Co-ed Sarvodaya Vidyalaya","Co-ed","Sarvodaya Sr.Secondary","General",138
1923015,"Mehrauli, No.2-GBSSS","Boys","Sr.Secondary","Evening",138
1106024,"East of Loni Road, DDA Flats-SKV","Girls","Sarvodaya Sr.Secondary","Morning",138
1925056,"Tughlakabad Extn.-SBV","Boys","Sarvodaya Sr.Secondary","Morning",138
1413010,"Rohini, Sector 9-SV (shaheed capt. Sanjeev Dahiya)","Co-ed","Sarvodaya Sr.Secondary","General",138
1310022,"Bhorgarh-GBSSS","Boys","Sr.Secondary","General",138
1821030,"Dwarka Sector-I Pkt-7-SKV","Girls","Sarvodaya Sr.Secondary","Morning",137
1618064,"Janakpuri, Block A, No.2-GGSSS","Girls","Sr.Secondary","Morning",137
1515024,"Madipur, No.2-SKV","Girls","Sarvodaya Sr.Secondary","General",136
1310410,"Narela, Sect. A-6, Pocket-2- GGSSS","Girls","Sr.Secondary","Morning",135
1104029,"Vijay Park-GGSSS","Girls","Sr.Secondary","Morning",135
1106023,"Dilshad Garden, Block J&K-SKV (St. Eknath)","Girls","Sarvodaya Sr.Secondary","Morning",135
1413026,"Rithala-SKV","Girls","Sarvodaya Sr.Secondary","Morning",134
1002025,"Trilokpuri, Block 20-SKV (Sharda Sen)","Girls","Sarvodaya Sr.Secondary","Morning",134
1207008,"Shankaracharya Marg,Shahed Bhai Bal Mukand-SV","Co-ed","Sarvodaya Sr.Secondary","General",134
1002368,"Mandawali, No.1- SKV","Girls","Sarvodaya Sr.Secondary","Morning",134
1310045,"Samaipur-GGSSS","Girls","Sr.Secondary","General",133
1821006,"Sagarpur, No.1-GBSSS","Boys","Sr.Secondary","Evening",133
1514005,"Tilak Nagar, No.1-SBV","Boys","Sarvodaya Sr.Secondary","General",133
1309254,"Jahangirpuri, Block A, No.2 - SKV","Girls","Sarvodaya Sr.Secondary","Morning",133
2128020,"Prasad Nagar-SKV (Baba Ramdev)","Girls","Sarvodaya Sr.Secondary","General",132
1104018,"Yamuna Vihar, Block C, No.1-SKV","Girls","Sarvodaya Sr.Secondary","Morning",132
1002006,"Mayur Vihar, Phase I, Pkt. II-SBV (Prem Chand)","Boys","Sarvodaya Sr.Secondary","Evening",132
1925027,"Tekhand - GGSSS","Girls","Sr.Secondary","Morning",131
1924025,"Defence Colony, Block A- SN SKV","Girls","Sarvodaya Sr.Secondary","General",131
1821007,"Sagarpur, No.2-GBSSS","Boys","Sr.Secondary","Evening",131
1106117,"Saboli- GGSSS","Girls","Sr.Secondary","Morning",131
1411027,"Ashok Vihar, Phase II-SKV","Girls","Sarvodaya Sr.Secondary","Morning",131
1105026,"Brahampuri-GGSSS","Girls","Sr.Secondary","Morning",131
1822056,"Khaira-G(Co-ed)SSS","Co-ed","Sr.Secondary","General",130
1106113,"Nand Nagri, Block E-SKV","Girls","Sarvodaya Sr.Secondary","General",130
1821203,"Dwarka, Sector III(Ist Site)-G(Co-ed)SSS","Co-ed","Sr.Secondary","General",130
1309264,"Qadipur-GBSSS","Boys","Sr.Secondary","Evening",130
1720024,"Vasant Vihar, SV","Co-ed","Sarvodaya Sr.Secondary","General",129
1822009,"Najafgarh, No.2-GBSSS","Boys","Sr.Secondary","Evening",129
1002190,"Mandawali , No.3 - SKV","Girls","Sarvodaya Sr.Secondary","Morning",128
1309255,"Jahangirpuri, Block D-GBSSS","Boys","Sr.Secondary","Evening",128
1516030,"Prem Nagar-GGSSS","Girls","Sr.Secondary","Morning",128
1413317,"ROHINI,SEC-24- GBSSS","Boys","Sr.Secondary","Evening",127
1923011,"Dr. Ambedkar Nagar, Sector V-GBSSS (Shaheed Anushuya Prasad)","Boys","Sr.Secondary","Evening",127
1617004,"Nangloi, Kavita Colony-G(Co-ed)SSS","Co-ed","Sr.Secondary","Morning",127
1618010,"Vikas Puri, Block G-GBSSS","Boys","Sr.Secondary","Evening",127
1822028,"Goela Khurd-GGSSS","Girls","Sr.Secondary","General",126
2127007,"Bela Road-GBSSS","Boys","Sr.Secondary","Evening",126
1105007,"Babarpur-GBSSS","Boys","Sr.Secondary","Evening",126
1207109,"Magazine Road-GBSSS","Boys","Sr.Secondary","General",126
1002182,"Mayur Vihar, Phase I, Chilla Gaon-G(Co-ed)SSS","Co-ed","Sr.Secondary","General",126
1617021,"Nangloi-GGSSS","Girls","Sr.Secondary","General",126
1412131,"Nithari-GGSSS","Girls","Sr.Secondary","Morning",126
1003013,"Krishna Nagar-SBV","Boys","Sarvodaya Sr.Secondary","Evening",126
1105111,"West Jyoti Nagar-GGSSS","Girls","Sr.Secondary","Morning",126
1925450,"Molar Band, No. 3- SBV","Boys","Sarvodaya Sr.Secondary","Evening",125
2127184,"Pataudi House- SKV","Girls","Sarvodaya Sr.Secondary","General",125
1411002,"Shakurpur, No.1-SBV","Boys","Sarvodaya Sr.Secondary","General",125
1923060,"Dr. Ambedkar Nagar, Sector IV, No.3- S(Co-ed)V","Co-ed","Sarvodaya Sr.Secondary","General",125
1001022,"Vivek Vihar- SKV","Girls","Sarvodaya Sr.Secondary","Morning",124
1516141,"West Patel Nagar-GGSSS","Girls","Sr.Secondary","General",124
1923359,"Jonapur - SBV","Boys","Sarvodaya Sr.Secondary","General",124
1411032,"Rampura- Govt. Co-ed Sarvodaya Vidyalaya","Co-ed","Sarvodaya Sr.Secondary","General",124
1720002,"Naraina -SBV","Boys","Sarvodaya Sr.Secondary","Morning",124
1104023,"Yamuna Vihar, Block B, No.1-GGSSS","Girls","Sr.Secondary","Morning",124
1925190,"Molar Band-GGSSS No. 3","Girls","Sr.Secondary","Morning",123
1105006,"Shahadara, G.T. Road-GBSSS","Boys","Sr.Secondary","Evening",123
1515139,"Tagore Garden-GBSSS","Boys","Sr.Secondary","General",123
1310025,"Shahabad Dairy- GGSSS","Girls","Sr.Secondary","Morning",122
1720026,"VASANT KUNJ- GGSSS","Girls","Sr.Secondary","Morning",121
1822060,"Najafgarh, No.3-GGSSS","Girls","Sr.Secondary","Morning",121
1002036,"Mayur Vihar, Phase I, Pkt.IV-SKV","Girls","Sarvodaya Sr.Secondary","Morning",121
1822065,"Najafgarh, Jharoda Kalan-GBSSS","Boys","Sr.Secondary","General",121
1002002,"Patparganj-SBV (Genda Lal Dixit)","Boys","Sarvodaya Sr.Secondary","Evening",121
1923063,"AYA NAGAR-SKV","Girls","Sarvodaya Sr.Secondary","Morning",121
1925037,"Molar Band, No. 1- SKV","Girls","Sarvodaya Sr.Secondary","Morning",121
1925060,"Chitranjan Park-S(Co-ed) V (Shyama Prasad Mukherjee)","Co-ed","Sarvodaya Sr.Secondary","General",120
1516142,"West Patel Nagar-SKV","Girls","Sarvodaya Sr.Secondary","General",120
1105239,"New Jafrabad- GGSSS","Girls","Sr.Secondary","General",120
2128001,"Paharganj-SBV","Boys","Sarvodaya Sr.Secondary","General",120
1001001,"Bhola Nath Nagar-SBV (Babu Ram)","Boys","Sarvodaya Sr.Secondary","General",119
1002367,"Mandawali, No.2 - SBV","Boys","Sarvodaya Sr.Secondary","Evening",119
1106258,"Harsh Vihar GBSS","Boys","Secondary","Evening",119
1309256,"Sarvodaya Kanya Vidyalaya (Rani Chennama), D - Block, Jahangir Puri","Girls","Sarvodaya Sr.Secondary","Morning",119
1310034,"Badli-SKV","Girls","Sarvodaya Sr.Secondary","General",119
1617030,"Baprola-GGSSS","Girls","Sr.Secondary","General",119
1617254,"Peera Garhi Village- SBV","Boys","Sarvodaya Sr.Secondary","Morning",119
1719125,"Munirka, Sarvodaya(Co-ed) SSS","Co-ed","Sarvodaya Sr.Secondary","General",119
1923004,"Mehrauli Qutab, Sarvodaya (Co-ed) Sr. Sec. Vidyalaya","Co-ed","Sarvodaya Sr.Secondary","General",119
1924039,"Kidwai Nagar- Sarvodaya Vidyalaya (Rani Durgawati)","Co-ed","Sarvodaya Sr.Secondary","General",119
1925062,"Madanpur Khadar, No. 1- SKV","Girls","Sarvodaya Sr.Secondary","Morning",118
1925007,"Tuglakabad Extn.-SBV (Sardar Vallabhbhai Patel)","Boys","Sarvodaya Sr.Secondary","Evening",118
1923036,"Ishani Govt. Sarvodaya Kanya Vidyalaya G-BLOCK SAKET","Girls","Sarvodaya Sr.Secondary","Morning",118
1515002,"Ashok Nagar-SBV","Boys","Sarvodaya Sr.Secondary","General",118
1106283,"Nand Nagri, Janta Flats- GBSSS","Boys","Sr.Secondary","General",118
1104025,"Ghonda, No.1-GGSSS","Girls","Sr.Secondary","Morning",118
1104012,"Bhajanpura-G(Co-ed)SSS (RDJK)","Co-ed","Sr.Secondary","Morning",117
1003001,"Laxmi Nagar-SBV","Boys","Sarvodaya Sr.Secondary","Evening",117
1923057,"Begumpur, MMTC/STC Colony-S(Co-ed)V","Co-ed","Sarvodaya Sr.Secondary","General",117
1309010,"Model Town, No.1-GBSSS","Boys","Sr.Secondary","Evening",117
2127018,"Ram Nagar, No.1-GGSSS","Girls","Sr.Secondary","General",116
1821020,"Raj Nagar-II SKV","Girls","Sarvodaya Sr.Secondary","Morning",115
1514004,"Khyala, No.2-GBSSS","Boys","Sr.Secondary","Evening",115
1309273,"Shalamar Village-GBSSS","Boys","Sr.Secondary","Evening",115
1413284,"Rohini, Sector 16, Pocket A-GBSSS","Boys","Sr.Secondary","Evening",114
1821206,"Dwarka Sector-6, Govt. (Co-ed) SSS (Site-I)","Co-ed","Sr.Secondary","General",114
1925059,"Lajpat Nagar, Ring Road-SBV (Shaheed Hemu Kalani)","Boys","Sarvodaya Sr.Secondary","General",114
1208002,"Qutab Road-SBV","Boys","Sarvodaya Sr.Secondary","General",114
1925053,"Molar Band, No.2- GGSSS","Girls","Sr.Secondary","Morning",114
1105020,"New Seelampur, No.1-SKV (C.R.Dass)","Girls","Sarvodaya Sr.Secondary","Morning",113
1413336,"Rohini, Sec-4- Govt. Co-ed Sarvodaya Vidyalaya","Co-ed","Sarvodaya Sr.Secondary","General",113
1104142,"Karawal Nagar-GGSSS","Girls","Sr.Secondary","Morning",113
1923058,"Pushp Vihar, M.B.Road-GBSSS","Boys","Sr.Secondary","Evening",113
1412290,"Rohini, Sec-22- Govt. Co-ed Sarvodaya Vidyalaya","Co-ed","Sarvodaya Sr.Secondary","Evening",113
1309167,"Vijay Nagar-SKV","Girls","Sarvodaya Sr.Secondary","General",113
1515019,"Raghubir Nagar, J.J. Colony- G(Co-ed)SSS","Co-ed","Sr.Secondary","General",113
1309024,"Haider Pur-GGSS","Girls","Secondary","Morning",113
1618193,"Shiv Vihar- GGSSS","Girls","Sr.Secondary","Morning",113
1106256,"Harsh Vihar GGSS","Girls","Secondary","Morning",113
1105107,"New Usmanpur(Gautam Puri)-GBSSS","Boys","Sr.Secondary","Evening",112
1411035,"Wazirpur Village-SV","Co-ed","Sarvodaya Sr.Secondary","General",112
1310411,"Shahbad Daulatpur- GGSSS","Girls","Sr.Secondary","Morning",112
1309027,"Guru Teg Bahadur Nagar-SKV","Girls","Sarvodaya Sr.Secondary","Morning",111
1516011,"Shadi Khampur-SBV","Boys","Sarvodaya Secondary","General",111
1310170,"Narela, No.2-SKV","Girls","Sarvodaya Sr.Secondary","General",111
1720022,"Naraina-SKV","Girls","Sarvodaya Sr.Secondary","General",111
1925061,"Tughlakabad Extn., No.1-SKV (Aruna Asif Ali)","Girls","Sarvodaya Sr.Secondary","Morning",111
1207037,"Shakti Nagar, No.1-S(Co-ed)V","Co-ed","Sarvodaya Sr.Secondary","General",110
1720121,"Inder Puri, Shahid Captain Amit Verma Govt. Sarvodaya (Co-ed) Vidyalaya","Co-ed","Sarvodaya Sr.Secondary","General",110
1925051,"Badarpur, No.2-GBSSS","Boys","Sr.Secondary","Evening",110
1310166,"Narela-GBSSS (Mussadi Lal)","Boys","Sr.Secondary","General",110
1310399,"HOLAMBI KALAN,METRO VIHAR,A-BLK G(CO-ED)SSS","Co-ed","Sr.Secondary","General",109
1105004,"New Seelampur, No.1-SBV","Boys","Sarvodaya Sr.Secondary","Evening",109
1821016,"Sagarpur, No.1-SKV","Girls","Sarvodaya Sr.Secondary","Morning",109
1309129,"Azadpur Village-GGSSS","Girls","Sr.Secondary","Morning",109
1309022,"Dhakka-GBSSS","Boys","Sr.Secondary","General",109
1618267,"Shiv Vihar-GBSSS","Boys","Sr.Secondary","Evening",109
1515004,"East Punjabi Bagh-SV","Co-ed","Sarvodaya Sr.Secondary","General",109
1002362,"Vasundhra Enclave-GBSSS","Boys","Sr.Secondary","Evening",108
1618278,"HASTSAL- GGSSS","Girls","Sr.Secondary","Morning",108
1207117,"Burari-GGSSS-1207117","Girls","Sr.Secondary","Morning",108
1516010,"Moti Nagar SBV","Boys","Sarvodaya Sr.Secondary","General",108
1310049,"Bankner-GGSSS","Girls","Sr.Secondary","General",108
1618016,"Vikas Puri, Block- F-G(Co-ed)SSS","Co-ed","Sr.Secondary","General",108
1822063,"Najafgarh, No.1-GBSSS","Boys","Sr.Secondary","Evening",107
1106004,"Nand Nagri, Janta Flats-SBV","Boys","Sarvodaya Sr.Secondary","Morning",107
1821037,"Pochanpur-G(Co-ed)SSS","Co-ed","Sr.Secondary","General",107
1001204,"Vishwas Nagar-GBSSS","Boys","Sr.Secondary","Evening",107
1002197,"Trilokpuri, Block 27-GBSSS","Boys","Sr.Secondary","Evening",106
2127001,"Sarvodaya Vidyalaya, Rouse Avenue","Co-ed","Sarvodaya Sr.Secondary","General",106
1003004,"Kailash Nagar-SBV","Boys","Sarvodaya Sr.Secondary","Evening",106
1002001,"Mandawali-SBV (Veer Udham Singh) No. 1","Boys","Sarvodaya Sr.Secondary","Evening",106
1925248,"Badarpur, No.3-GGSSS","Girls","Sr.Secondary","Morning",105
1309125,"Adarsh Nagar, No.2-GBSSS","Boys","Sr.Secondary","Evening",105
1412027,"Pooth Kalan-SKV","Girls","Sarvodaya Sr.Secondary","Morning",105
1002360,"Khichari Pur Village ,J.J Colony - SKV","Girls","Sarvodaya Sr.Secondary","Morning",105
1618060,"Bindapur-GGSSS","Girls","Sr.Secondary","Morning",105
1309130,"Azadpur Village-GBSSS","Boys","Sr.Secondary","Evening",104
1002352,"Mayur Vihar, Phase III, Kondli Gharauli-GGSSS  -1002352","Girls","Sr.Secondary","Morning",104
1003264,"Lalita Park-GBSSS","Boys","Sr.Secondary","Evening",104
1411125,"Shakurpur, No.1-G(Co-ed)SSS","Co-ed","Sr.Secondary","General",104
1106022,"Nand Nagri, Block B-SKV (Raja Ravi Verma)","Girls","Sarvodaya Sr.Secondary","Morning",104
1207034,"Timar Pur-SKV","Girls","Sarvodaya Sr.Secondary","General",104
1412031,"Mangolpuri, Block O-SKV","Girls","Sarvodaya Sr.Secondary","Morning",104
1412083,"Sultanpuri, F-Block, GBSSS","Boys","Sr.Secondary","Evening",104
1412091,"Mubarkpur Dabas,  No.1-GBSSS","Boys","Sr.Secondary","Evening",104
1413316,"ROHINI,SEC-24- GGSSS","Girls","Sr.Secondary","Morning",104
1924027,"East of Kailash, No.2-SKV","Girls","Sarvodaya Sr.Secondary","General",104
1821279,"DWARKA SEC-17 GOVT CO-ED SARVODAYA VIDYALAYA","Co-ed","Sarvodaya Sr.Secondary","General",103
1309002,"Shalimar Bagh, Block B(AH)-GBSSS","Boys","Sr.Secondary","Evening",103
1617005,"Ranhaula-SKV","Girls","Sarvodaya Sr.Secondary","Morning",103
1617033,"Ambika Vihar-GGSSS","Girls","Sr.Secondary","Morning",103
1412289,"Rohini, Phase-III, Sec-21- Govt. Co-ed Sarvodaya Vidyalaya","Co-ed","Sarvodaya Sr.Secondary","General",102
1923068,"Saket, Block G-GBSSS","Boys","Sr.Secondary","Evening",102
2127016,"Dayanand Road-SKV","Girls","Sarvodaya Sr.Secondary","General",102
1412009,"Mangolpuri, Block U-GBSSS","Boys","Sr.Secondary","General",102
1925446,"Delhi Model Virtual School, Lajpat Nagar","Co-ed","","General",102
1207114,"Nehru Vihar-GBSSS","Boys","Sr.Secondary","Morning",102
1002369,"Khichripur Village, J.J.Colony- SBV","Boys","Sarvodaya Sr.Secondary","Evening",102
1720028,"Rajokari-GBSSS","Boys","Sr.Secondary","General",102
1719013,"R.K. Puram, Sector 2-Sarvodaya Co-ed Vidyalaya","Co-ed","Sarvodaya Sr.Secondary","General",102
1003012,"Gandhi Nagar-SBV","Boys","Sarvodaya Sr.Secondary","General",101
2127179,"Lal Kuan, Zeenat Mahal, No.2-SKV","Girls","Sarvodaya Sr.Secondary","Morning",101
1207013,"Roop Nagar,RSV NO-4","Co-ed","Sarvodaya Sr.Secondary","General",101
1002263,"Mayur Vihar, Phase III, Kondli-Gharauli-GBSSS-1002263","Boys","Sr.Secondary","Evening",101
1412087,"Sultanpuri, A-Block- SBV","Boys","Sarvodaya Sr.Secondary","Evening",101
1618005,"Janakpuri, Block C, No.2-SBV","Boys","Sarvodaya Sr.Secondary","Evening",101
1411021,"Keshavpuram, Block A-S(Co-ed)V","Co-ed","Sarvodaya Sr.Secondary","General",101
1309003,"Dr. Mukharjee Nagar-SV","Co-ed","Sarvodaya Sr.Secondary","General",101
1925404,"Madanpur Khadar- GGSSS","Girls","Sr.Secondary","Morning",100
1618015,"Vikas Puri, KG-I/II-GBSSS","Boys","Sr.Secondary","General",100
1002185,"Vasundhra Enclave-GGSSS","Girls","Sr.Secondary","Morning",100
1003265,"Old Seelampur -SBV","Boys","Sarvodaya Sr.Secondary","Evening",100
1207112,"Magazine Road-SKV","Girls","Sarvodaya Sr.Secondary","Morning",100
1105236,"Shastri Park, Buland Masjid, SKV","Girls","Sarvodaya Sr.Secondary","Morning",100
1411014,"Ashok Vihar, Block D-GBSSS","Boys","Sr.Secondary","Evening",100
1515030,"Raghubir Nagar, J.J. Colony-GGSSS","Girls","Sr.Secondary","Morning",100
1923033,"Maidan Garhi-G(Co-ed)SS","Co-ed","Secondary","Evening",99
1309004,"New Police Lines-SV","Co-ed","Sarvodaya Sr.Secondary","General",99
1925403,"Madanpur Khadar- GBSSS","Boys","Sr.Secondary","Evening",99
1822176,"Deendar Pur-Sarvodaya Kanya Vidalaya","Girls","Sarvodaya Sr.Secondary","General",99
1104487,"Village Karawal Nagar, Veer Savarkar Complex- GBSSS","Boys","Sr.Secondary","Evening",99
1104150,"Bhajanpura-GBSSS (RDJK)","Boys","Sr.Secondary","Evening",99
1309268,"Singhu-G(Co-Ed)SSS","Co-ed","Sr.Secondary","General",99
1309013,"Adarsh Nagar, No.1-GBSSS","Boys","Sr.Secondary","Evening",99
1925449,"Madanpur Khadar, No. 2- SKV","Girls","Sarvodaya Sr.Secondary","Morning",99
1720034,"Ghitorni-GBSSS","Boys","Sr.Secondary","General",99
1309025,"Dhakka-SKV","Girls","Sarvodaya Sr.Secondary","Morning",98
1821015,"Palam Village, No.2-SKV","Girls","Sarvodaya Sr.Secondary","Morning",98
1413006,"Rohini, Sector 2 - G(Co-ed) Sarvodaya Vidyalaya","Co-ed","Sarvodaya Sr.Secondary","General",98
1925042,"Badarpur, No.1-GGSSS","Girls","Sr.Secondary","Morning",98
1412018,"Mangolpuri, Block Y- SBV","Boys","Sarvodaya Sr.Secondary","Evening",98
1822258,"Najafgarh, Dharampura-GBSSS","Boys","Sr.Secondary","Evening",98
1515018,"Rajouri Garden Extn., GBSSS","Boys","Sr.Secondary","General",98
1309257,"Jahangirpuri, Block E-GBSSS","Boys","Sr.Secondary","Evening",98
1001018,"Bhola Nath Nagar, No.1-SKV","Girls","Sarvodaya Sr.Secondary","Morning",98
1105113,"Brahmpuri-GBSSS","Boys","Sr.Secondary","Evening",98
1208018,"Padam Nagar-S(Co-ed)V","Co-ed","Sarvodaya Sr.Secondary","General",97
2128002,"Jhandewalan, Plot 6-SBV (Asharfi Devi)","Boys","Sarvodaya Sr.Secondary","General",97
1411022,"Wazirpur, J.J. Colony-GBSSS","Boys","Sr.Secondary","Evening",97
2127002,"Jama Masjid, No.1(Urdu Medium)-SBV","Boys","Sarvodaya Sr.Secondary","General",97
1924018,"Sarai Kale Khan-GBSS","Boys","Secondary","General",97
1002034,"Mayur Vihar, Phase I, Pkt.II-SKV (Janaki Devi) from Nursery to XII","Girls","Sarvodaya Sr.Secondary","Morning",97
1411007,"Pitampura, Block ZP- Sarvodaya Co-ed SSS","Co-ed","Sarvodaya Sr.Secondary","General",97
1618062,"Vikas Puri, Block A-SKV","Girls","Sarvodaya Sr.Secondary","General",97
1412095,"Rani Khera-S(Co-ed)V","Co-ed","Sarvodaya Sr.Secondary","General",97
1923003,"Jonapur- Baba Neem Karoli, SKV","Girls","Sarvodaya Sr.Secondary","Morning",96
1001006,"Surajmal Viharâ€“SBV","Boys","Sarvodaya Sr.Secondary","Evening",96
1411043,"Rani Bagh-G(Co-ed)SSS","Co-ed","Sr.Secondary","General",96
1412288,"Sultanpuri, P-Block - GBSSS","Boys","Sr.Secondary","Evening",96
1514012,"Khyala, No.1-GGSSS","Girls","Sr.Secondary","Morning",96
1617026,"Nilothi-SKV","Girls","Sarvodaya Sr.Secondary","Morning",96
1105242,"Shastri Park, Buland Masjid, SBV","Boys","Sarvodaya Sr.Secondary","Evening",96
1002007,"East Vinod Nagar-SBV (Jai Prakash Narayan)","Boys","Sarvodaya Sr.Secondary","Evening",96
1821017,"Sagarpur, No.2-SKV","Girls","Sarvodaya Sr.Secondary","Morning",96
1413341,"Rohini, Sector 11- GBSSS","Boys","Sr.Secondary","Evening",95
1720010,"Naraina -GBSSS","Boys","Sr.Secondary","General",95
1208219,"Tulsi Nagar- GBSSS","Boys","Sr.Secondary","Evening",95
1309008,"Guru Teg Bahadur Nagar-GBSSS","Boys","Sr.Secondary","Evening",95
1310407,"Holambi Kalan, Metro Vihar, C-Block- G(Co-ed)SSS","Co-ed","Sr.Secondary","General",95
1208029,"Sarvodaya Kanya Vidyalaya, Idgah Road","Girls","Sarvodaya Secondary","General",94
1310470,"Bhorgarh- GGSSS","Girls","Sr.Secondary","Morning",94
1002195,"Shakarpur, School Block-SBV","Boys","Sarvodaya Sr.Secondary","Evening",94
1923010,"Malviya Nagar-GBSSS","Boys","Sr.Secondary","General",94
1412005,"Sultanpuri, Block C- SBV","Boys","Sarvodaya Sr.Secondary","Evening",94
1310036,"Narela, No.1-SKV","Girls","Sarvodaya Sr.Secondary","General",94
1821136,"Mahavir Enclave-G(Co-ed)SS","Co-ed","Secondary","General",93
1207014,"Gokhle Marg-SBV","Boys","Sarvodaya Sr.Secondary","General",93
1515028,"Madipur, No.1-GGSSS","Girls","Sr.Secondary","Morning",93
1105117,"New Usmanpur(Gautam Puri)-GGSSS","Girls","Sr.Secondary","Morning",93
1514008,"Janakpuri, Block B, No.2-SBV (Shaheed Capt. Anuj Nayyar)","Boys","Sarvodaya Sr.Secondary","General",93
1923062,"Khanpur-SKV (Hakikat Rai)","Girls","Sarvodaya Sr.Secondary","Morning",93
1617032,"Paschim Vihar, A 6-G(Co-ed)SSS","Co-ed","Sr.Secondary","General",93
1309034,"Adarsh Nagar-GGSSS","Girls","Sr.Secondary","Morning",92
1413181,"Jaunti-SV","Co-ed","Sarvodaya Sr.Secondary","General",92
1515022,"Rajouri Garden Main-SKV","Girls","Sarvodaya Sr.Secondary","Morning",92
1104400,"LONI ROAD,EAST GOKULPUR,GGSSS","Girls","Sr.Secondary","Morning",92
2128008,"Rani Jhansi Road-SBV","Boys","Sarvodaya Sr.Secondary","General",92
1002024,"Trilokpuri, Block 27-SKV","Girls","Sarvodaya Sr.Secondary","Morning",92
1002180,"West Vinod Nagar, Block E-G(Co-ed)SSS","Co-ed","Sr.Secondary","General",92
1925401,"Molar Band, No.1- GGSSS","Girls","Sr.Secondary","Morning",91
1001026,"Vivek Vihar,Phase-II-GGSSS","Girls","Sr.Secondary","General",91
1310468,"Prahaladpur- S(Co-ed)V","Co-ed","Sarvodaya Sr.Secondary","General",91
1412088,"Sultanpuri, D-Block,G(Co-ed)SSS","Co-ed","Sr.Secondary","General",91
1310408,"Narela Sector B-4, SV-1310408","Co-ed","Sarvodaya Sr.Secondary","General",90
1412016,"Sultanpur Majra- S (Co-ed) V","Co-ed","Sarvodaya Sr.Secondary","General",90
1822003,"Surhera-SV","Co-ed","Sarvodaya Sr.Secondary","General",90
1003152,"Radhey Shyam Park-SBV","Boys","Sarvodaya Sr.Secondary","Evening",89
1310458,"Tikri Khurd- SBV","Boys","Sarvodaya Sr.Secondary","Morning",89
1309030,"Shalimar Bagh, Block BL-SKV","Girls","Sarvodaya Sr.Secondary","General",89
1720030,"Rajokari-SKV","Girls","Sarvodaya Sr.Secondary","General",89
1925249,"Tughlakabad Extn.-GBSSS No.3","Boys","Sr.Secondary","Evening",89
1003002,"Rani Garden-SBV","Boys","Sarvodaya Sr.Secondary","Evening",89
1412133,"Mubarikpur Dabas-GGSSS","Girls","Sr.Secondary","Morning",89
1515021,"Rajouri Garden Extn.-SKV","Girls","Sarvodaya Sr.Secondary","Morning",89
1618019,"Vikas Puri, Block G-SKV","Girls","Sarvodaya Sr.Secondary","Morning",88
1412089,"Sultanpuri, Block F-GGSSS","Girls","Sr.Secondary","Morning",88
1310002,"Prahalad Pur-SBV","Boys","Sarvodaya Sr.Secondary","Morning",88
1411123,"Saraswati Vihar, Block C-SV","Co-ed","Sarvodaya Sr.Secondary","General",88
1618018,"Janakpuri, Block A-SKV","Girls","Sarvodaya Sr.Secondary","General",88
1413320,"ROHINI,SEC-15- G (CO-ED) SS","Co-ed","Secondary","General",88
1923079,"Mehrauli, No.2- SKV","Girls","Sarvodaya Sr.Secondary","Morning",87
1412082,"Mangolpuri, Block-K-2,SV","Co-ed","Sarvodaya Sr.Secondary","General",87
1617013,"Nangloi, Sultanpuri Road-SKV","Girls","Sarvodaya Sr.Secondary","Morning",87
1105241,"Brahmpuri, GBSSS, X- BLOCK","Boys","Sr.Secondary","Evening",87
1618192,"Rajapur Khurd-G(Co-ed)SS","Co-ed","Secondary","General",87
1719022,"R.K. Puram, Sector 7, No.3-SV","Co-ed","Sarvodaya Sr.Secondary","General",87
2128007,"Dev Nagar-GBSSS","Boys","Sr.Secondary","General",87
1104015,"Khajoori Khas-GBSSS","Boys","Sr.Secondary","Evening",87
1411005,"Kailash Enclave-SV","Co-ed","Sarvodaya Sr.Secondary","General",86
2128032,"New Rajinder Nagar-SV (Rana Pratap)","Co-ed","Sarvodaya Sr.Secondary","General",86
1413019,"Rohini, Avantika, Sector 1, No.2- GBSSS","Boys","Sr.Secondary","Evening",86
1412086,"Sultanpuri, E-Block, GBSSS","Boys","Sr.Secondary","General",86
1618006,"Janakpuri, Block C, No.1-GBSSS","Boys","Sr.Secondary","Evening",86
1208016,"Idgah Road-SKV","Girls","Sarvodaya Sr.Secondary","General",86
1923012,"Chirag Delhi-GBSSS","Boys","Sr.Secondary","Evening",86
1412011,"Mangolpuri, Block R-SBV","Boys","Sarvodaya Sr.Secondary","General",85
1925359,"Badarpur, Tajpur Pahari - GGSSS","Girls","Sr.Secondary","Morning",85
1412001,"Sultanpuri, Block-C, Sarvodaya Sr. Sec. Vidyalaya","Co-ed","Sarvodaya Sr.Secondary","Morning",85
1515010,"Punjabi Bagh, No.1-GBSSS","Boys","Sr.Secondary","General",85
1924009,"Sadiq Nagar-SBV","Boys","Sarvodaya Sr.Secondary","General",85
1925040,"Tuglakabad Village-SKV","Girls","Sarvodaya Sr.Secondary","Morning",85
1412026,"Sultanpuri, Block C-SKV","Girls","Sarvodaya Sr.Secondary","Morning",84
1719070,"R.K.Puram, Sector-6, Govt. S.(Co-ed) SSS","Co-ed","Sarvodaya Sr.Secondary","General",84
1821204,"Dwarka Sector-22, G(Co-ed)SSS","Co-ed","Sr.Secondary","General",84
1515026,"Tagore Garden, No.1-GGSSS","Girls","Sr.Secondary","General",84
1822249,"Najafgarh-GBSSS(Stadium)","Boys","Sr.Secondary","Evening",84
1617006,"Hiran Kudna-SV(Co-ed)","Co-ed","Sarvodaya Sr.Secondary","General",83
1002008,"Kalyanpuri-SBV","Boys","Sarvodaya Sr.Secondary","Evening",83
1923037,"Chirag Delhi-SKV","Girls","Sarvodaya Sr.Secondary","Morning",83
1106026,"Nand Nagri Extn., F-1, F-2, GGSSS","Girls","Sr.Secondary","Morning",83
2128014,"Karol Bagh, Ramjas Lane- GBSSS","Boys","Sr.Secondary","General",83
1719001,"R.K. Puram, Sector 12-SV (Jose Marti)","Co-ed","Sarvodaya Sr.Secondary","General",83
1618057,"Uttam Nagar-SKV","Girls","Sarvodaya Sr.Secondary","Morning",83
1002351,"Preet Vihar, Govt. Co-Ed Senior Secondary School","Co-ed","Sr.Secondary","General",83
1104151,"Vijay Park-GBSSS","Boys","Sr.Secondary","Evening",83
1821014,"Palam Village, Raj Nagar, Part 1-GBSSS","Boys","Sr.Secondary","General",82
1003025,"Chander Nagar-SKV","Girls","Sarvodaya Sr.Secondary","General",82
1207039,"Roop Nagar, No.1-G(Co-ed)SSS","Co-ed","Sr.Secondary","General",82
2026005,"Jor Bagh-SV","Co-ed","Sarvodaya Sr.Secondary","General",82
1413016,"Parshant Vihar-GBSSS","Boys","Sr.Secondary","General",82
1105110,"Shahadara, G.T. Road-SKV (Mani Ben Patel Bharti Mahila)","Girls","Sarvodaya Sr.Secondary","Morning",82
1106116,"Nand Nagri, Block A-GGSSS","Girls","Sr.Secondary","Morning",81
2127003,"Darya Ganj, Pataudi House-SBV","Boys","Sarvodaya Sr.Secondary","General",81
1309274,"Bhalswa Dairy, No-2,GBSS","Boys","Secondary","Evening",81
1105015,"Welcome Colony-GBSS","Boys","Secondary","Evening",81
1208090,"Inder Lok-SKV","Girls","Sarvodaya Sr.Secondary","General",81
1105229,"Brahmpuri,GGSSS Block-X","Girls","Sr.Secondary","Morning",81
1002028,"East Vinod Nagar-SKV (Ravindra Thakur)","Girls","Sarvodaya Sr.Secondary","Morning",81
1412258,"Nithari Village- GGSSS","Girls","Sr.Secondary","Morning",81
1925029,"Kalkaji, No.1-SKV (Veer Savarkar)","Girls","Sarvodaya Sr.Secondary","General",81
1309265,"Qadipur-GGSSS","Girls","Sr.Secondary","Morning",81
1001110,"Rajgarh Colony-SBV","Boys","Sarvodaya Sr.Secondary","General",81
1002192,"Shakarpur, No.1-SBV","Boys","Sarvodaya Sr.Secondary","Evening",80
1516019,"Basai Darapur-SKV","Girls","Sarvodaya Sr.Secondary","General",80
1104019,"Ghonda, No.2-SKV","Girls","Sarvodaya Sr.Secondary","Morning",80
1002032,"West Vinod Nagar-SKV","Girls","Sarvodaya Sr.Secondary","Morning",80
1822044,"Najafgarh, No.1-GGSSS","Girls","Sr.Secondary","Morning",80
1309005,"SBV, BT Block Shalimar Bagh","Boys","Sarvodaya Sr.Secondary","General",80
1309023,"Shalamar Village-GGSSS","Girls","Sr.Secondary","Morning",80
1822047,"Najafgarh, No.2-GGSSS","Girls","Sr.Secondary","Morning",79
1412013,"Mangolpuri, Plot II,Kamdhenu- SBV","Boys","Sarvodaya Sr.Secondary","Evening",79
1720027,"Janak Puri, Block D-SBV","Boys","Sarvodaya Sr.Secondary","Evening",79
1720008,"Janak Puri, Block D, No.2-GBSSS-1720008","Boys","Sr.Secondary","Evening",79
1515017,"Raghubir Nagar, J.J. Colony-GBSS","Boys","Secondary","Evening",79
1515001,"Jaidev Park-SV","Co-ed","Sarvodaya Sr.Secondary","General",79
1617255,"Baprola, Rajiv Ratan Awas- G(Co-ed)SSS","Co-ed","Sr.Secondary","General",79
1515023,"Punjabi Bagh, No.2-SKV","Girls","Sarvodaya Sr.Secondary","General",78
1822057,"Najafgarh, No.3-GBSSS","Boys","Sr.Secondary","Evening",78
1822177,"Najafgarh Stadium-GGSSS","Girls","Sr.Secondary","Morning",78
1309032,"Shalimar Bagh, Block B(AH)-SKV","Girls","Sarvodaya Sr.Secondary","Morning",78
1617027,"Punjabi Basti-G(Co-ed)SSS","Co-ed","Sr.Secondary","Morning",77
1516017,"Saraswati Garden-G(Co-ed)SS","Co-ed","Secondary","General",77
1002015,"Mayur Vihar, Phase II, Pkt.B-SBV","Boys","Sarvodaya Sr.Secondary","Evening",77
1310005,"Tikri Khurd- SKV","Girls","Sarvodaya Sr.Secondary","Morning",77
1514112,"Hari Nagar,Clock Tower,Site-2-GBSSS","Boys","Sr.Secondary","General",77
1925006,"Madanpur Khadar- GBSSS (Rama Krishna)","Boys","Sr.Secondary","Evening",76
1105019,"Babarpur-SKV","Girls","Sarvodaya Sr.Secondary","Morning",76
1002354,"Mayur Vihar, Phase III GBSS","Boys","Secondary","Evening",76
1003260,"Lalita Park-GGSSS","Girls","Sr.Secondary","Morning",76
1310157,"Siraspur-GGSSS","Girls","Sr.Secondary","Morning",76
1001196,"Vishwas Nagar-SKV","Girls","Sarvodaya Sr.Secondary","Morning",76
1411037,"Tri Nagar, Narang Colony- Govt. Co-ed SSS","Co-ed","Sr.Secondary","General",76
1923009,"Dr. Ambedkar Nagar, Sector IV, No.2-GBSSS","Boys","Sr.Secondary","Morning",75
1412080,"Mangolpuri, Block Q-SKV","Girls","Sarvodaya Sr.Secondary","General",75
1515005,"Rajouri Garden Main-GBSSS","Boys","Sr.Secondary","Evening",75
1821026,"Chhawla-SKV","Girls","Sarvodaya Sr.Secondary","General",75
1003026,"Shankar Nagar-SKV","Girls","Sarvodaya Sr.Secondary","General",75
1413067,"Prashant Vihar-SKV","Girls","Sarvodaya Sr.Secondary","General",75
1514021,"Hari Nagar, Clock Tower- SKV","Girls","Sarvodaya Sr.Secondary","General",75
1002004,"Shakarpur, No.2-SBV (Ishwar Chand)","Boys","Sarvodaya Sr.Secondary","Evening",75
1106119,"Nand Nagri, Block A-GBSSS","Boys","Sr.Secondary","Evening",74
1924003,"Ali Ganj-SV","Co-ed","Sarvodaya Sr.Secondary","General",74
1516027,"Ramesh Nagar-SKV","Girls","Sarvodaya Sr.Secondary","General",74
1207016,"Roop Nagar, No.2-GBSSS","Boys","Sr.Secondary","General",74
1003153,"Radhey Shyam Park- SKV","Girls","Sarvodaya Sr.Secondary","Morning",74
1411029,"Keshavpuram- SBV","Boys","Sarvodaya Sr.Secondary","General",73
1104153,"Khajoori Khas-GGSSS","Girls","Sr.Secondary","Morning",73
1309007,"Shalimar Bagh, Block AP-GBSSS","Boys","Sr.Secondary","Evening",73
1923069,"Khanpur, No.2-GBSS","Boys","Secondary","Evening",73
1207022,"Mori Gate, No.1-SV","Co-ed","Sarvodaya Sr.Secondary","General",72
1618022,"Janakpuri C-Block,SKV No.2","Girls","Sarvodaya Sr.Secondary","Morning",72
1719069,"R.K. Puram, Sector 2, No.1-SV","Co-ed","Sarvodaya Sr.Secondary","General",72
1411015,"Ashok Vihar, Phase II-GBSSS","Boys","Sr.Secondary","Evening",72
1924031,"Sriniwaspuri-GGSSS","Girls","Sr.Secondary","General",72
1309031,"Adarsh Nagar-SKV","Girls","Sarvodaya Sr.Secondary","Morning",72
1411038,"Anandwas-GGSSS","Girls","Sr.Secondary","General",71
1310004,"Sannoth-SV","Co-ed","Sarvodaya Sr.Secondary","General",71
1207015,"Roshanara Road-SBV","Boys","Sarvodaya Sr.Secondary","General",71
1413003,"Ghevra-SV","Co-ed","Sarvodaya Sr.Secondary","General",70
1413071,"Rohini, Sector 15-G(Co-ed)SSS","Co-ed","Sr.Secondary","General",70
1515029,"Subhash Nagar, No.1-GGSSS","Girls","Sr.Secondary","General",70
1516068,"Karampura, Industrial Area-G(Co-ed)SSS","Co-ed","Sr.Secondary","General",70
1925045,"Kalkaji, DDA Flats, Phase II-G(Co-ed)SS","Co-ed","Secondary","General",70
1412035,"Sultanpuri, Block BC-GGSSS","Girls","Sr.Secondary","Morning",70
1105023,"Gautam Puri-GGSSS","Girls","Sr.Secondary","Morning",70
1003205,"Shivpuri-G(Co-ed)SSS","Co-ed","Sr.Secondary","General",69
1002031,"Patparganj-SKV","Girls","Sarvodaya Sr.Secondary","Morning",69
1411003,"Ashok Vihar, Phase I, Block H-SBV","Boys","Sarvodaya Sr.Secondary","Evening",69
1309271,"Kalyan Vihar-SV","Co-ed","Sarvodaya Secondary","General",68
1516022,"Shadi Khampur-SKV","Girls","Sarvodaya Sr.Secondary","General",68
1309266,"Bakhtawarpur-GBSSS","Boys","Sr.Secondary","General",68
1618021,"Uttam Nagar, No.2-GGSSS","Girls","Sr.Secondary","General",68
1617008,"Paschim Vihar, B 4-SV(Co-ed)","Co-ed","Sarvodaya Sr.Secondary","General",68
1923055,"Pushp Vihar, M.B.Road-GGSSS","Girls","Sr.Secondary","Morning",68
1821018,"Palam Enclave, No.1-SKV","Girls","Sarvodaya Sr.Secondary","Morning",68
1719106,"Safdarjung Enclave-Sarvodaya(Co-Ed)SSS","Co-ed","Sarvodaya Sr.Secondary","General",67
1618269,"Binda Pur,Pocket-III-G(Co-ed)SS","Co-ed","Secondary","General",67
1923016,"Dr. Ambedkar Nagar, Sector V, No.1-GBSS","Boys","Secondary","Evening",67
1003030,"Rani Garden-Sarvodaya Kanya Vidyalaya","Girls","Sarvodaya Sr.Secondary","Morning",67
1001109,"Kiran Vihar-SBV","Boys","Sarvodaya Sr.Secondary","Evening",67
1003009,"Geeta Colony, Block 13-GBSSS","Boys","Sr.Secondary","Evening",67
1923038,"Mehrauli Ramanujan-SKV","Girls","Sarvodaya Sr.Secondary","General",66
1310039,"Khera  Kalan-SKV (Baba Nane Nath)","Girls","Sarvodaya Sr.Secondary","General",66
1821027,"Raj Nagar-I SKV","Girls","Sarvodaya Sr.Secondary","General",66
1002175,"Trilokpuri, Block 27-GGSSS","Girls","Sr.Secondary","Morning",66
1923080,"Dr. Ambedkar Nagar, Tigri- GGSSS","Girls","Sr.Secondary","Morning",66
1412025,"Mangolpuri, Block D-SKV (Kamdhenu)","Girls","Sarvodaya Sr.Secondary","Morning",65
1001111,"Jhilmil Colony-GGSSS","Girls","Sr.Secondary","Morning",65
1924041,"Nehru Nagar-G(Co-ed)SSS","Co-ed","Sr.Secondary","General",65
1413022,"Ladpur-GBSSS","Boys","Sr.Secondary","General",65
1003036,"Krishna  Nagar-SKV","Girls","Sarvodaya Sr.Secondary","Morning",65
1923070,"Mehrauli, No.3-GBSS","Boys","Secondary","General",64
1208095,"Shastri Nagar-SKV","Girls","Sarvodaya Sr.Secondary","General",64
2127024,"Jama Masjid, No.1(Hindi Medium)-SKV","Girls","Sarvodaya Sr.Secondary","General",64
1207033,"Sabzi Mandi, Kedar Building, Amar Shaheed Matadeen Lodha-SKV","Girls","Sarvodaya Sr.Secondary","General",64
1309258,"Jahangirpuri, Block E-GGSSS-1309258","Girls","Sr.Secondary","Morning",64
1822066,"Najafgarh, Jharoda Kalan-GGSSS","Girls","Sr.Secondary","General",64
1719103,"R. K. Puram, Sec-3- G(Co-ed)SSS","Co-ed","Sr.Secondary","General",64
1516021,"Ranjit Nagar-SKV","Girls","Sarvodaya Sr.Secondary","General",63
1618017,"Janakpuri -SKV No.1,C-Block","Girls","Sarvodaya Sr.Secondary","Morning",63
1925048,"Tuglakabad Extn.-GGSS","Girls","Secondary","Morning",63
1925333,"Shahpur Jat-S(Co-Ed)V","Co-ed","Sarvodaya Sr.Secondary","General",63
1412033,"Mangolpur Kalan-G(co-ed)sss","Co-ed","Sr.Secondary","General",63
1105005,"Shahadara, Shivaji Park-GBSSS","Boys","Sr.Secondary","Evening",63
1003003,"Jheel Khurenja, No.1-SBV","Boys","Sarvodaya Sr.Secondary","General",63
1002196,"Shakarpur, No.1-SKV","Girls","Sarvodaya Sr.Secondary","Morning",62
2127015,"Mata Sundri Road-SKV","Girls","Sarvodaya Sr.Secondary","General",62
1412022,"Mangolpuri, Block-C, S(Co-ed)Sr. Sec. Vidyalaya","Co-ed","Sarvodaya Sr.Secondary","Morning",62
1618316,"Vipin Garden- Govt. Co-ed SS","Co-ed","Secondary","General",62
1309012,"Rana Partap Bagh-GBSSS","Boys","Sr.Secondary","General",62
1310015,"Khera Khurd-GBSSS","Boys","Sr.Secondary","General",62
1924001,"Sriniwaspuri-SBV (Govind Ballabh Pant)","Boys","Sarvodaya Sr.Secondary","General",62
1002023,"Mandawali-SKV No. 2","Girls","Sarvodaya Sr.Secondary","Morning",62
1411046,"Anandwas- GGSSS","Girls","Sr.Secondary","General",62
1923071,"Pushp Vihar, M.B.Road-SKV","Girls","Sarvodaya Sr.Secondary","General",61
2127004,"Kamla Market, Zeenat Mahal-SBV-2127004","Boys","Sarvodaya Sr.Secondary","Morning",61
1003202,"Geeta Colony, Block 2-G(Co-ed)SS","Co-ed","Secondary","Morning",61
1002012,"Khichripur-GBSSS","Boys","Sr.Secondary","Evening",61
1207035,"Malka Ganj-SKV","Girls","Sarvodaya Sr.Secondary","General",61
1516018,"Moti Nagar  SKV","Girls","Sarvodaya Sr.Secondary","General",61
1822301,"Nangli Sakrawati Village- GBSSS-1822301","Boys","Sr.Secondary","Evening",61
2127021,"Bulbuli Khana-SKV","Girls","Sarvodaya Sr.Secondary","Morning",61
1003204,"Old Seelampur-SKV","Girls","Sarvodaya Sr.Secondary","Morning",60
1002037,"Khichripur-GGSSS","Girls","Sr.Secondary","Morning",60
1413340,"Rohini, Sector- 25, GGSSS","Girls","Sr.Secondary","General",60
1309269,"Palla Majra-GBSSS","Boys","Sr.Secondary","General",60
2127017,"Jama Masjid, No.2-SKV","Girls","Sarvodaya Sr.Secondary","General",59
1413266,"Sawada(Ghevra) Colony, A-Block- SKV","Girls","Sarvodaya Sr.Secondary","General",59
1207041,"Roop Nagar, No.3-GGSSS","Girls","Sr.Secondary","General",59
1923061,"Sultanpur-SKV","Girls","Sarvodaya Sr.Secondary","Morning",59
1003033,"Kailash Nagar-GGSSS","Girls","Sr.Secondary","Morning",59
1822262,"Dichaon Kalan- G Coed SV","Co-ed","Sarvodaya Sr.Secondary","General",59
1207255,"JAGATPUR - GBSS","Boys","Secondary","Evening",58
1719105,"Moti Bagh-II, Nanakpura-(Co-Ed)SV","Co-ed","Sarvodaya Sr.Secondary","General",58
1104007,"Ghonda, No.2-GBSSS","Boys","Sr.Secondary","Evening",58
1720005,"Pusa, IARI, 2nd Shift- GBSSS","Boys","Sr.Secondary","Evening",58
1923020,"Khanpur, No.1-GBSSS","Boys","Sr.Secondary","General",58
1001008,"SBV No.1, Bhola Nath Nagar-1001008","Boys","Sarvodaya Sr.Secondary","Evening",58
1104489,"Joharipur- GBMS","Boys","Middle","Evening",58
1105249,"Brahmpuri- Govt. Co-ed Sr. Sec. School (Gandhi)","Co-ed","Sr.Secondary","General",58
1104026,"Dayalpur-GGSSS","Girls","Sr.Secondary","Morning",58
1003024,"Geeta Colony, Block 13-SKV","Girls","Sarvodaya Sr.Secondary","Morning",58
1411124,"Sharda Niketan-SV","Co-ed","Sarvodaya Sr.Secondary","General",58
1310032,"Prahalad Pur-SKV","Girls","Sarvodaya Sr.Secondary","General",57
1412130,"Mongolpuri, Block D GBSSS","Boys","Sr.Secondary","General",57
1924014,"Govt. Sarvodaya Co-ed Vidyalaya, Varun Marg, Defence Colony-1924014","Co-ed","Sr.Secondary","General",57
1309272,"Haider Pur-GBSS","Boys","Secondary","Evening",57
1923021,"Hauz Rani-GBSSS","Boys","Sr.Secondary","Evening",57
1413028,"Qutabgarh-SKV","Girls","Sarvodaya Sr.Secondary","General",56
1822247,"Deendar Pur - SBV","Boys","Sarvodaya Sr.Secondary","General",56
1003035,"Gandhi  Nagar, SKV","Girls","Sarvodaya Sr.Secondary","General",56
1106261,"Meet Nagar-B-Block, Delhi-94,Govt. Boys Sec. School","Boys","Secondary","Evening",56
1925246,"Masjid Moth- Sarvodaya(Co-ed) Vidyalaya","Co-ed","Sarvodaya Sr.Secondary","General",55
1105116,"Brahmpuri-GGSSS","Girls","Sr.Secondary","Morning",55
1923355,"Sultanpur-GBSSS","Boys","Sr.Secondary","Evening",55
1105108,"Welcome Colony-GGSS","Girls","Secondary","Morning",55
2128018,"Aram Bagh Lane-SKV","Girls","Sarvodaya Sr.Secondary","General",55
2128019,"Old Rajinder Nagar-SKV (Swami Daya Nand)","Girls","Sarvodaya Sr.Secondary","General",55
1002191,"Shakarpur, School Block-GGSSS","Girls","Sr.Secondary","Morning",55
1924023,"GEORGI STOIKOV RAKOVSKI SARVODAYA KANYA VIDYALAYA C-BLOCK DEFENCE COLONY","Girls","Sarvodaya Sr.Secondary","General",54
1309011,"Model Town, No.2-GBSSS","Boys","Sr.Secondary","Evening",54
1411030,"Shakurpur, No.2-SKV","Girls","Sarvodaya Sr.Secondary","General",54
1411019,"Bharat Nagar-GBSSS","Boys","Sr.Secondary","Evening",54
1310164,"Narela, Pocket 5 & 6-GGSSS","Girls","Sr.Secondary","General",54
1002193,"Shakarpur, No.2-SKV","Girls","Sarvodaya Sr.Secondary","Morning",54
1003028,"Laxmi Nagar-SKV","Girls","Sarvodaya Sr.Secondary","Morning",54
1924214,"Deoli Pahari, GGSSS","Girls","Sr.Secondary","Morning",54
1924033,"Andrews Ganj- SKV","Girls","Sarvodaya Sr.Secondary","General",54
1207005,"Jagat Pur- SKV(Mahavir Singh)","Girls","Sarvodaya Secondary","Morning",53
1002199,"Mayur Vihar, Phase III GGSS","Girls","Secondary","Morning",53
1822055,"Jaffarpur Kalan-S(Co-ed)V","Co-ed","Sarvodaya Sr.Secondary","General",53
2026004,"Pandara Road-SKV","Girls","Sarvodaya Sr.Secondary","General",53
1925054,"Badarpur, No.2-GGSSS","Girls","Sr.Secondary","Morning",53
1924042,"Garhi, Jharia Maria-GBSS","Boys","Secondary","General",53
1925440,"Molar Band, No. 2- SKV-1925440 (Nursary to XII)","Girls","Sarvodaya Sr.Secondary","Morning",53
1413323,"Sawada(Ghevra) Colony, B-Block- SBV","Boys","Sarvodaya Sr.Secondary","General",53
1618004,"Uttam Nagar, No.2-GBSSS","Boys","Sr.Secondary","General",52
2128023,"New Rohtak Road-GGSSS","Girls","Sr.Secondary","General",52
1002039,"Kalyanpuri-GGSSS","Girls","Sr.Secondary","Morning",52
1208015,"Sarai Rohilla-SKV-1208015 (Nursery to XII)","Girls","Sarvodaya Sr.Secondary","Morning",52
1923046,"Malviya Nagar-SKV","Girls","Sarvodaya Sr.Secondary","Morning",52
1923066,"Dr. Ambedkar Nagar, Sector V, No.3-GBSSS","Boys","Sr.Secondary","Evening",52
1821041,"Shahabad Mohammadpur- SBV","Boys","Sarvodaya Sr.Secondary","General",52
1822051,"Ghumanhera- SV","Girls","Sarvodaya Sr.Secondary","General",51
1925448,"Madanpur Khadar, No. 1- GBSSS","Boys","Sr.Secondary","Evening",51
1412014,"Mangolpuri, Block O- SBV","Boys","Sarvodaya Sr.Secondary","Evening",51
2128025,"East Park Road-GGSSS","Girls","Sr.Secondary","General",51
1412079,"Mangolpur Khrud- GBSSS","Boys","Sr.Secondary","General",51
1002029,"Mayur Vihar, Phase II, Pkt.B-SKV (Annie Besant)","Girls","Sarvodaya Sr.Secondary","Morning",50
1412006,"Sultanpuri, Block BC-GBSSS","Boys","Sr.Secondary","Evening",50
1923358,"Mandi Village- GBSSS","Boys","Sr.Secondary","General",50
1411040,"Ashok Vihar, Block D-GGSSS","Girls","Sr.Secondary","Morning",50
1105238,"New Seelampur, No.1-GGSS","Girls","Secondary","Morning",50
1617028,"Peera Garhi Village- SKV","Girls","Sarvodaya Sr.Secondary","General",50
1208229,"Shastri Nagar, Lalita Block - SBV","Boys","Sarvodaya Sr.Secondary","General",50
1208013,"Gulabi Bagh-S(Co-ed)V","Co-ed","Sarvodaya Sr.Secondary","General",50
1923360,"Sarvodaya Bal Vidyalaya, Dera Village, New Delhi","Boys","Sarvodaya Sr.Secondary","General",50
1923005,"Dr. Ambedkar Nagar, Sector IV, No.1- SBV (Yogi Arvind)","Boys","Sarvodaya Sr.Secondary","Morning",50
1412024,"Mangolpuri, Block H-SKV","Girls","Sarvodaya Sr.Secondary","Morning",49
1003034,"Gandhi Nagar, No.2-GGSSS","Girls","Sr.Secondary","General",49
1309028,"Rana Partap Bagh-SKV","Girls","Sarvodaya Sr.Secondary","Morning",49
1413011,"Rohini, Avantika, Sector 1, No.1-GBSSS","Boys","Sr.Secondary","Evening",49
1309026,"Model Town, No.1-SKV","Girls","Sarvodaya Sr.Secondary","Morning",49
1208011,"Chandni Chowk-G(Co-ed)SS","Co-ed","Secondary","General",49
1309261,"Bhalswa Dairy, No-1,GGSS","Girls","Secondary","Morning",49
1001194,"West Azad Nagar-G(co-ed)SS","Co-ed","Secondary","General",49
2127025,"Chashma Building(Urdu Medium)-SKV","Girls","Sarvodaya Sr.Secondary","Morning",49
1923019,"Dr. Ambedkar Nagar,Sector IV-SBV","Boys","Sarvodaya Secondary","General",49
1923351,"Dr. Ambedkar Nagar,Sector-V(Dashinpuri Extension)-SV","Co-ed","Sarvodaya Sr.Secondary","General",48
1516104,"Karampura, Block H- G(Co-ed) Sarvodaya Vidyalaya","Co-ed","Sarvodaya Sr.Secondary","General",48
1923078,"Dr. Ambedkar Nagar, Sector V, No.1-GGSS","Girls","Secondary","Morning",47
1002033,"KalyanVas-SKV","Girls","Sarvodaya Sr.Secondary","Morning",47
1822245,"Nangli Sakrawati Village-GGSS","Girls","Secondary","Morning",47
1208091,"Naya Bazar,Sushila Mohan Marg-(Co-ed)Sec. School","Co-ed","Secondary","General",47
1310161,"Barwala-G(Co-ed)SSS","Co-ed","Sr.Secondary","General",47
2127014,"Kamla Market, Zeenat Mahal-SKV No.1","Girls","Sarvodaya Sr.Secondary","Morning",47
1001012,"Vivek Vihar-GBSS","Boys","Secondary","General",47
1411026,"Ashok Vihar, Phase I, Block H-SKV","Girls","Sarvodaya Sr.Secondary","Morning",47
1207264,"Government Lady Noyce Primary Special School (Co-ed) for the Hearing Impaired","Co-ed","Special School (Primary)","General",47
1514019,"Janakpuri, Block B SKV","Girls","Sarvodaya Sr.Secondary","General",46
1720033,"Ghitorni-SKV","Girls","Sarvodaya Sr.Secondary","General",46
1309033,"Shalimar Bagh, Block AP-GGSSS","Girls","Sr.Secondary","Morning",45
1104486,"Village Karawal Nagar, Veer Savarkar Complex- GGSSS","Girls","Sr.Secondary","Morning",45
1719104,"R. K. Puram, Sec-5(Co-Ed)-GSSS","Co-ed","Sr.Secondary","General",45
1822178,"Mitraon-G(Co-ed)SSS","Co-ed","Sr.Secondary","General",45
2127023,"Jama Masjid, Panama Building-GGSSS","Girls","Sr.Secondary","General",45
1411028,"Keshavpuram, No.1-SKV","Girls","Sarvodaya Sr.Secondary","General",44
1617011,"Paschim Vihar, B 3-SKV","Girls","Sarvodaya Sr.Secondary","General",44
1412019,"Sultanpuri, P-Block - GGSSS","Girls","Sr.Secondary","Morning",44
1309017,"Kewal Park-G(Co-ed)SSS","Co-ed","Sr.Secondary","Evening",44
1617010,"Nangloi-SKV","Girls","Sarvodaya Sr.Secondary","Morning",44
1412090,"Mangolpuri, Block P- SBV","Boys","Sarvodaya Sr.Secondary","Evening",44
1001102,"Surajmal Vihar-SKV","Girls","Sarvodaya Sr.Secondary","Morning",44
1516025,"Kirti Nagar-GGSSS","Girls","Sr.Secondary","General",44
1310007,"Nangal Thakran-SBV (Ved Pandit Khushi Ram)","Boys","Sarvodaya Sr.Secondary","General",44
1208014,"Partap Nagar- S(Co-ed) V","Co-ed","Sarvodaya Sr.Secondary","General",43
2127005,"Mata Sundri Road-GBSSS","Boys","Sr.Secondary","General",42
1923050,"Dr. Ambedkar Nagar, Sector V, No.2-GGSSS","Girls","Sr.Secondary","Morning",42
1003007,"Chander Nagar-GBSSS","Boys","Sr.Secondary","Morning",42
1925335,"LAJPAT NAGAR GOVT.(CO.ED)S.S.S","Co-ed","Sr.Secondary","General",42
1720017,"Pusa, IARI-SKV","Girls","Sarvodaya Sr.Secondary","Morning",42
1309270,"Sarvodaya (Co-ed) Vidyalaya - Mukhmail Pur","Co-ed","Sarvodaya Sr.Secondary","General",41
1106112,"Ashok Nagar-GGSS","Girls","Secondary","Morning",41
1309302,"Govt.(Co-ed) Secondary School, Bhalswa Village","Co-ed","Secondary","General",41
1412030,"Mangolpuri, Block U-SKV","Girls","Sarvodaya Sr.Secondary","General",41
1514018,"Ashok Nagar-GGSSS","Girls","Sr.Secondary","General",40
1923393,"Dr. Ambedkar Nagar, Sector IV, No.2- SBV","Boys","Sarvodaya Sr.Secondary","Evening",40
1413069,"Rohini, Avantika, Sector 1-GGSSS","Girls","Sr.Secondary","Morning",40
1310010,"Katewara-GBSSS","Boys","Sr.Secondary","General",39
1923044,"Dr. Ambedkar Nagar, Sector IV, No.1-G(Co-ed)SSS","Co-ed","Sr.Secondary","General",39
1106281,"Seemapuri- GGSSS","Girls","Sr.Secondary","Morning",39
1208021,"SKV, Tulsi Nagar-1208021","Girls","Sarvodaya Sr.Secondary","Morning",39
1925032,"Green Park Extn.-SKV (Gargi)","Girls","Sarvodaya Sr.Secondary","General",39
1822263,"Paprawat- GBSSS","Boys","Sr.Secondary","General",39
1002350,"Khichripur Village, Govt.(Co-ed)SS","Co-ed","Secondary","General",39
1822031,"Khera Dabar-G(Co-ed)SSS","Co-ed","Sr.Secondary","General",38
1105014,"New Seelampur, Marginal Band-GBSS","Boys","Secondary","Evening",38
1822006,"Daulat Pur-SV","Co-ed","Sarvodaya Sr.Secondary","General",37
1923064,"Mandi Village - SKV","Girls","Sarvodaya Sr.Secondary","General",37
1003027,"Gandhi Nagar, No.1-SKV","Girls","Sarvodaya Sr.Secondary","General",37
1413001,"Chandpur Majra-SV","Co-ed","Sarvodaya Sr.Secondary","General",37
1413025,"Kanjhawala-SKV","Girls","Sarvodaya Sr.Secondary","General",37
1821039,"Bamnoli, Dhulsiras  -G(Co-ed) Sr.Sec.School","Co-ed","Sr.Secondary","General",37
1822002,"Najafgarh-S(Co-ed)V","Co-ed","Sarvodaya Sr.Secondary","General",37
1411017,"Pitampura, Block SU-GBSSS","Boys","Sr.Secondary","General",36
2026002,"Kitchner Road-SV","Co-ed","Sarvodaya Sr.Secondary","General",36
1413267,"Sawada(Ghevra) Colony H-Block- SV","Co-ed","Sarvodaya Sr.Secondary","General",35
1104017,"Joharipur- GGMS","Co-ed","Middle","Morning",35
2128006,"New Rohtak Road, 22-B Dev Nagar-GBSS","Boys","Secondary","General",35
1822061,"Najafgarh, Dharampura-SKV","Girls","Sarvodaya Sr.Secondary","Morning",35
1001023,"Bhola Nath Nagar, No.3-GGSSS","Girls","Sr.Secondary","Morning",35
1105025,"New Seelampur, No.2-GGSSS","Girls","Sr.Secondary","Morning",34
1105013,"Shahadara, G. T. Road-GBSecondarySchool","Boys","Secondary","Evening",34
1309128,"Azadpur Colony-GBSSS","Boys","Sr.Secondary","Evening",34
1208004,"Sarai Rohilla-GBSSS","Boys","Sr.Secondary","Evening",34
1720181,"Vasant Kunj, D-Block- Sarvodaya (Co-ed) Sr. Sec. School","Co-ed","Sarvodaya Sr.Secondary","General",34
1925452,"SBV Middle, Jogabai Batla House","Boys","Sarvodaya Middle","Evening",33
1310429,"Holambi Kalan, B-Block GBSSS","Boys","Sr.Secondary","Evening",33
1309127,"Azadpur Colony-GGSSS","Girls","Sr.Secondary","Morning",33
1106010,"Ashok Nagar-GBSS","Boys","Secondary","Evening",33
1822007,"Shikar Pur-SV","Co-ed","Sarvodaya Sr.Secondary","General",33
1310030,"Holambi Kalan-G(CO-ED)SSS","Co-ed","Sr.Secondary","General",32
1413346,"SOSE, Sector- 11, Rohini","Co-ed","SOSE(Sr.Secondary)","General",32
1105250,"SOSE, Gautam Puri","Co-ed","SOSE(Sr.Secondary)","General",32
1822059,"Malikpur-G(Co-ed)SSS","Co-ed","Sr.Secondary","General",32
1207011,"Govt. Sarvodaya Vidyalaya No.3, Shakti Nagar","Co-ed","Sarvodaya Sr.Secondary","General",32
1411042,"Saraswati Vihar, Block A-GGSSS","Girls","Sr.Secondary","General",31
1413023,"Rohini, Sector 11-GGSSS","Girls","Sr.Secondary","Morning",31
1106123,"Meet Nagar, Block B-GGSS","Girls","Secondary","Morning",31
1720001,"Delhi Cantt.-SBV","Boys","Sarvodaya Sr.Secondary","General",31
2127030,"Bulbuli Khana(Urdu Medium)-SV (Middle)","Girls","Sarvodaya Middle","General",31
1720003,"Mehram Nagar-S(Co-ed)V","Co-ed","Sarvodaya Sr.Secondary","Morning",30
1719130,"R.K. Puram,Sector-13 G(Co-ed)SV","Co-ed","Sarvodaya Sr.Secondary","General",30
1821036,"Chhawla-GBSSS","Boys","Sr.Secondary","General",30
1310400,"GHOGA G(CO-ED)SSS","Co-ed","Sr.Secondary","General",30
1001106,"Kiran Vihar-SKV","Girls","Sarvodaya Sr.Secondary","Morning",30
1413009,"Nizam Pur-Sarvodaya (Co-ed) Vidyalaya","Co-ed","Sarvodaya Sr.Secondary","General",30
1719073,"Moti Bagh I-SKV","Girls","Sarvodaya Sr.Secondary","General",30
1822015,"Dichaon Kalan-GBSSS","Boys","Sr.Secondary","General",30
1207027,"Kamla Nagar, E-Block, GBSS","Boys","Secondary","General",29
1719030,"R.K. Puram, Sector 4- GGSSS","Girls","Sr.Secondary","General",29
1822005,"Pandwala Kalan-SV","Co-ed","Sarvodaya Sr.Secondary","General",29
1618067,"Vikas Nagar-G(Co-ed)SS","Co-ed","Secondary","General",29
1923047,"Dr. Ambedkar Nagar, Sector V-GGSSS","Girls","Sr.Secondary","Morning",29
2026003,"Pandara Road-GBSSS","Boys","Sr.Secondary","General",28
1208030,"Deputy Gunj-GGSS","Girls","Secondary","General",28
1923072,"Begumpur, MMTC/STC Colony-GGSS","Girls","Secondary","General",28
1719006,"Sarojini Nagar, No.4-GBSSS","Boys","Sr.Secondary","General",28
1720014,"Janak Puri, Block D, No.1-SKV","Girls","Sarvodaya Sr.Secondary","Morning",28
1923023,"Sarvodaya Kanya Vidyalaya, Dera Village, Delhi - 1923023(Nursery to XII)","Girls","Sarvodaya Sr.Secondary","General",27
2127006,"Jama Masjid, No.2-GBSS","Boys","Secondary","General",27
1821033,"Shahabad Mohammadpur- SKV","Girls","Sarvodaya Sr.Secondary","General",27
1924004,"Jangpura-GBSSS","Boys","Sr.Secondary","General",27
1208025,"Pul Bangash-SKV","Girls","Sarvodaya Sr.Secondary","General",25
1719101,"Laxmi Bai Nagar(Co-Ed)-SSS","Co-ed","Sr.Secondary","General",25
1208233,"Quresh Nagar- S(Co-ed)V (Middle)","Co-ed","Sarvodaya Middle","General",24
1310169,"Holambi Kalan,B-Block  GGSSS","Girls","Sr.Secondary","Morning",24
1310472,"Holambi Khurd- G(Co-ed)SSS","Co-ed","Sr.Secondary","General",24
1822040,"Kair-SKV","Girls","Sarvodaya Sr.Secondary","General",24
1411041,"Pitampura, Block SU-GGSSS","Girls","Sr.Secondary","General",24
2127026,"Bela Road-GGSSS","Girls","Sr.Secondary","Morning",24
1720021,"Janak Puri, Block D, No.2-GGSSS","Girls","Sr.Secondary","Morning",24
1310041,"Khera Khurd-SKV","Girls","Sarvodaya Sr.Secondary","Morning",24
1105022,"Shahadara, Shivaji Park-GGSSS","Girls","Sr.Secondary","Morning",23
1514014,"Tilak Nagar, No.1-GGSSS","Girls","Sr.Secondary","General",23
1617211,"Baprola Vihar- GGSS","Girls","Secondary","Morning",23
2128021,"Paharganj-GGSSS","Girls","Sr.Secondary","General",22
1310026,"Harewali-G(Co-ed)SSS","Co-ed","Sr.Secondary","General",22
1821034,"Kangan Heri-G(Co-ed)SSS","Co-ed","Sr.Secondary","General",22
1310033,"Dariyapur Kalan-SKV (Updesh Kaur)","Girls","Sarvodaya Sr.Secondary","General",22
1105115,"Chauhan Bangar, Jafrabad-GBMS","Boys","Middle","Evening",22
1413319,"ROHINI,SEC-16- GBMS","Boys","Middle","Evening",21
1310247,"Auchandi-SV","Co-ed","Sarvodaya Sr.Secondary","General",21
1105028,"East Rohtash Nagar-G(Co-ed)MS","Co-ed","Middle","General",21
1105029,"Shahadara, G.T. Road-GGSS","Girls","Secondary","Morning",21
1719002,"Sarojini Nagar, No.1-SBV (Ganesh Shankar Vidyarthi)","Boys","Sarvodaya Sr.Secondary","General",20
1822027,"Paprawat-GGSSS","Girls","Sr.Secondary","General",20
1208010,"Model Basti-GBMS","Boys","Middle","General",20
1720174,"Vasant Vihar, C-4,G(Co-ed)SS-1720174","Co-ed","Secondary","General",19
1923051,"Lado Sarai-GGSS","Girls","Secondary","General",19
1310467,"SOSE, A-10, Pocket- 5, Narela","Co-ed","SOSE(Sr.Secondary)","General",19
1207043,"Nicholson Road-GGSSS","Girls","Sr.Secondary","General",19
2127031,"Lambi Gali- GGSS","Girls","Secondary","General",18
1207042,"Chabi Ganj, Kashmiri Gate-GGSSS","Girls","Sr.Secondary","General",18
1413349,"Government Middle Special School (Co-ed) for the Hearing Impaired","Co-ed","Special School (Middle)","General",18
1104488,"SOSE, Block B, Yamuna Vihar","Co-ed","SOSE(Sr.Secondary)","General",18
1822058,"Pandawala Khurd-GGSSS","Girls","Sr.Secondary","General",18
1105246,"New Seelampur, Gurudwara Road- G(Co-ed)MS","Co-ed","Middle","Morning",18
1310473,"Sarvodaya (Co-ed) Vidyalaya","Co-ed","Sarvodaya Sr.Secondary","General",18
1001151,"Shahdara, Teliwara-G(Co-ed)SS","Co-ed","Secondary","General",18
1208027,"Quresh Nagar, GGSSS","Girls","Sr.Secondary","General",18
1411178,"Sainik Vihar-G(Co-ed)SSS","Co-ed","Sr.Secondary","General",17
1925442,"Jaitpur Extension Part- II, Gaddha Colony- SV(Middle)","Co-ed","Sarvodaya Middle","General",17
1411031,"Bharat Nagar-SKV","Girls","Sarvodaya Sr.Secondary","Morning",16
1822025,"Jhatikara-G(Co-ed)SSS","Co-ed","Sr.Secondary","General",16
1822010,"Ghumanhera-GBSSS","Boys","Sr.Secondary","General",16
1720018,"Delhi Cantt.-SKV","Girls","Sarvodaya Sr.Secondary","General",16
1719010,"Moti Bagh I-GBSSS","Boys","Sr.Secondary","General",15
1719005,"Sarojini Nagar, No.3-GBSSS","Boys","Sr.Secondary","General",15
1719029,"Sarojini Nagar, No.1-SKV","Girls","Sarvodaya Sr.Secondary","General",14
1822014,"Dhansa-GBSSS","Boys","Sr.Secondary","General",14
1309126,"Model Town, No.2-GGSSS","Girls","Sr.Secondary","Morning",14
1822033,"Kazipur-G(Co-ed)SSS","Co-ed","Sr.Secondary","General",13
1822004,"Mundela Kalan-Govt.(Co-ed)SSS","Co-ed","Sr.Secondary","General",11
1413075,"Punnjab Khore-G(Co-ed)MS","Co-ed","Middle","General",11
1925451,"SKV Middle, Jogabai, Batla House","Girls","Sarvodaya Middle","Morning",11
1822024,"Rawta-G(Co-ed)SSS","Co-ed","Sr.Secondary","General",10
1822012,"Kair-GBSSS","Boys","Sr.Secondary","General",10
1208235,"Quresh Nagar- SBV (Middle)","Boys","Sarvodaya Middle","Evening",10
1002402,"SOSE, I.P Extension","Co-ed","SOSE(Sr.Secondary)","General",10
1822039,"Dhansa-SKV","Girls","Sarvodaya Sr.Secondary","General",10
1822048,"Ujwa-GGSSS","Girls","Sr.Secondary","General",10
1413318,"ROHINI,SEC-16- GGMS","Girls","Middle","Morning",9
1002404,"Government Special School (Co-ed) for Children with Intellectual Disability","Co-ed","Special School (Primary)","General",9
1822050,"Dichaon Kalan-GGSSS","Girls","Sr.Secondary","General",9
2127180,"SV (Co-ed), Lal Kuan","Co-ed","Sarvodaya Secondary","Evening",9
1514017,"Vikas Puri, Distt. Centre-SKV","Girls","Sarvodaya Sr.Secondary","General",9
2128140,"SOSE, Plot No. 1, Link Road, Karol Bagh","Co-ed","SOSE(Sr.Secondary)","General",9
1208017,"Chandni Chowk, Diwan Hall, SKV","Girls","Sarvodaya Secondary","General",9
1309036,"Majlis Park-GGSS","Girls","Secondary","General",8
1105112,"Chauhan Bangar, Jafrabad-GGMS","Girls","Middle","Morning",8
2127034,"Kotla Firozshah-G(Co-ed)MS","Co-ed","Middle","General",7
1822013,"Ujwa-GBSSS","Boys","Sr.Secondary","General",6
1821293,"SOSE, Sector- 19, Dwarka","Co-ed","SOSE(Sr.Secondary)","General",5
1821282,"Dwarka School of Excellence, Sector-22","Co-ed","SoE (Sr.Secondary)","General",5
1309124,"Shalimar Bagh, Block BT-RPVV","Co-ed","RPVV(Sr.Secondary)","General",4
1925334,"Lajpat Nagar-RPVV","Co-ed","RPVV(Sr.Secondary)","General",4
1925432,"Madanpur Khadar School of Excellence, J.J Colony, Phase-II","Co-ed","SoE (Sr.Secondary)","General",4
1207113,"Civil Lines, RPVV","Co-ed","RPVV(Sr.Secondary)","General",4
1821038,"Nanakheri-G(Co-ed)SS","Co-ed","Secondary","General",4
1309308,"Ambedkar School of Specialised Excellance (ASoSE)","Co-ed","SOSE(Sr.Secondary)","Morning",4
1822037,"Hasanpur Village- G(Co-ed)SSS","Co-ed","Sr.Secondary","General",4
2127188,"Government Lady Noyce Sr. Sec. Special School (Co-ed) for the Hearing Impaired","Co-ed","Special School (Sr.Secondary)","General",4
1002400,"khichripur School of Excellence","Co-ed","SoE (Sr.Secondary)","General",4
2127185,"Sita Ram Bazar- GGSSS","Girls","Sr.Secondary","General",3
1413344,"SOSE, Sector- 17, Rohini","Co-ed","SOSE(Sr.Secondary)","General",3
1413342,"Rohini School of Excellence, Sector- 23","Co-ed","SoE (Sr.Secondary)","General",3
1208092,"Kishan Ganj-RPVV","Co-ed","RPVV(Sr.Secondary)","General",3
1207038,"Shakti Nagar, No.2-GGSSS","Girls","Sr.Secondary","General",3
1105248,"Gautam Puri- RPVV","Co-ed","RPVV(Sr.Secondary)","General",3
2127032,"Ajmeri Gate, Gali Bansi Koyle Wali(Urdu Medium)-GBMS","Boys","Middle","General",3
1719027,"Sarojini Nagar, No.3-GGSSS","Girls","Sr.Secondary","General",2
1514116,"SOSE, Block BE, Hari Nagar","Co-ed","SOSE(Sr.Secondary)","General",2
1207261,"SOSE, Raj Niwas Marg","Co-ed","SOSE(Sr.Secondary)","General",2
1412291,"Rohini, Phase-II, Sec-21- RPVV","Co-ed","RPVV(Sr.Secondary)","General",2
1925438,"SOSE, Kalkaji","Co-ed","SOSE(Sr.Secondary)","General",2
1923395,"Saket, Block J- GBSSS","Boys","Sr.Secondary","Evening",1
1208023,"Kinari Bazar, Gali Barf Wali-GGSSS","Girls","Sr.Secondary","General",1
1002405,"Government Primary Special School (Co-ed) for the Hearing Impaired","Co-ed","Special School (Primary)","General",1
1310469,"SOSE, Sector- 18, Rohini","Co-ed","SOSE(Sr.Secondary)","General",1
1003267,"SOSE, Gandhi Nagar","Co-ed","SOSE(Sr.Secondary)","General",1
1925437,"SOSE, Lajpat Nagar","Co-ed","SOSE(Sr.Secondary)","General",1
1002399,"I.P.Extension-RPVV","Co-ed","RPVV(Sr.Secondary)","General",1
1002403,"Govt. Coed Secondary School,Joshi colony,Mandawali","Co-ed","Secondary","General",1
1924038,"INA Colony- RPVV","Co-ed","RPVV(Sr.Secondary)","General",1
1001104,"Surajmal Vihar-RPVV","Co-ed","RPVV(Sr.Secondary)","General",1
1106282,"SOSE, Block- D, Nand Nagri","Co-ed","SOSE(Sr.Secondary)","General",1
1821290,"SOSE, Sector- 22, Dwarka","Co-ed","SOSE(Sr.Secondary)","General",1
1104149,"Yamuna Vihar, Block B-RPVV","Co-ed","RPVV(Sr.Secondary)","General",1
1207259,"SOSE, Civil Lines","Co-ed","SOSE(Sr.Secondary)","General",1
1720031,"Vasant Kunj, B1-RPVV","Co-ed","RPVV(Sr.Secondary)","General",1
